-- MySQL dump 10.13  Distrib 8.0.19, for Linux (x86_64)
--
-- Host: localhost    Database: instagram
-- ------------------------------------------------------
-- Server version	8.0.19

/*!40101 SET @OLD_CHARACTER_SET_CLIENT=@@CHARACTER_SET_CLIENT */;
/*!40101 SET @OLD_CHARACTER_SET_RESULTS=@@CHARACTER_SET_RESULTS */;
/*!40101 SET @OLD_COLLATION_CONNECTION=@@COLLATION_CONNECTION */;
/*!50503 SET NAMES utf8mb4 */;
/*!40103 SET @OLD_TIME_ZONE=@@TIME_ZONE */;
/*!40103 SET TIME_ZONE='+00:00' */;
/*!40014 SET @OLD_UNIQUE_CHECKS=@@UNIQUE_CHECKS, UNIQUE_CHECKS=0 */;
/*!40014 SET @OLD_FOREIGN_KEY_CHECKS=@@FOREIGN_KEY_CHECKS, FOREIGN_KEY_CHECKS=0 */;
/*!40101 SET @OLD_SQL_MODE=@@SQL_MODE, SQL_MODE='NO_AUTO_VALUE_ON_ZERO' */;
/*!40111 SET @OLD_SQL_NOTES=@@SQL_NOTES, SQL_NOTES=0 */;

--
-- Table structure for table `buisness_account_types`
--

DROP TABLE IF EXISTS `buisness_account_types`;
/*!40101 SET @saved_cs_client     = @@character_set_client */;
/*!50503 SET character_set_client = utf8mb4 */;
CREATE TABLE `buisness_account_types` (
  `id` int unsigned NOT NULL AUTO_INCREMENT,
  `name` varchar(15) CHARACTER SET utf8 COLLATE utf8_unicode_ci NOT NULL,
  PRIMARY KEY (`id`),
  UNIQUE KEY `name` (`name`)
) ENGINE=InnoDB AUTO_INCREMENT=8 DEFAULT CHARSET=utf8 COLLATE=utf8_unicode_ci;
/*!40101 SET character_set_client = @saved_cs_client */;

--
-- Dumping data for table `buisness_account_types`
--

LOCK TABLES `buisness_account_types` WRITE;
/*!40000 ALTER TABLE `buisness_account_types` DISABLE KEYS */;
INSERT INTO `buisness_account_types` VALUES (7,' education'),(2,' product'),(6,' trade'),(4,'art'),(1,'health'),(3,'musician/band'),(5,'personal blog');
/*!40000 ALTER TABLE `buisness_account_types` ENABLE KEYS */;
UNLOCK TABLES;

--
-- Temporary view structure for view `buisness_accs`
--

DROP TABLE IF EXISTS `buisness_accs`;
/*!50001 DROP VIEW IF EXISTS `buisness_accs`*/;
SET @saved_cs_client     = @@character_set_client;
/*!50503 SET character_set_client = utf8mb4 */;
/*!50001 CREATE VIEW `buisness_accs` AS SELECT 
 1 AS `nickname`,
 1 AS `buisness_acc_type`,
 1 AS `gender`,
 1 AS `birthday`,
 1 AS `about_user`*/;
SET character_set_client = @saved_cs_client;

--
-- Table structure for table `hashtags`
--

DROP TABLE IF EXISTS `hashtags`;
/*!40101 SET @saved_cs_client     = @@character_set_client */;
/*!50503 SET character_set_client = utf8mb4 */;
CREATE TABLE `hashtags` (
  `id` int unsigned NOT NULL AUTO_INCREMENT,
  `name` varchar(50) CHARACTER SET utf8 COLLATE utf8_unicode_ci DEFAULT NULL,
  PRIMARY KEY (`id`)
) ENGINE=InnoDB AUTO_INCREMENT=31 DEFAULT CHARSET=utf8 COLLATE=utf8_unicode_ci;
/*!40101 SET character_set_client = @saved_cs_client */;

--
-- Dumping data for table `hashtags`
--

LOCK TABLES `hashtags` WRITE;
/*!40000 ALTER TABLE `hashtags` DISABLE KEYS */;
INSERT INTO `hashtags` VALUES (1,'ut'),(2,'modi'),(3,'et'),(4,'qui'),(5,'repellendus'),(6,'quisquam'),(7,'voluptatem'),(8,'ducimus'),(9,'et'),(10,'aut'),(11,'omnis'),(12,'sint'),(13,'quod'),(14,'veritatis'),(15,'est'),(16,'aut'),(17,'magni'),(18,'soluta'),(19,'at'),(20,'temporibus'),(21,'officia'),(22,'repellendus'),(23,'deserunt'),(24,'sint'),(25,'tempore'),(26,'pariatur'),(27,'perspiciatis'),(28,'vero'),(29,'eum'),(30,'non');
/*!40000 ALTER TABLE `hashtags` ENABLE KEYS */;
UNLOCK TABLES;

--
-- Table structure for table `likes`
--

DROP TABLE IF EXISTS `likes`;
/*!40101 SET @saved_cs_client     = @@character_set_client */;
/*!50503 SET character_set_client = utf8mb4 */;
CREATE TABLE `likes` (
  `id` int unsigned NOT NULL AUTO_INCREMENT,
  `account_id` int unsigned NOT NULL,
  `target_id` int unsigned NOT NULL,
  `target_type_id` int unsigned NOT NULL,
  `created_at` datetime DEFAULT CURRENT_TIMESTAMP,
  PRIMARY KEY (`id`),
  KEY `likes_user_id_fk` (`account_id`),
  KEY `likes_target_types_id_fk` (`target_type_id`),
  CONSTRAINT `likes_target_types_id_fk` FOREIGN KEY (`target_type_id`) REFERENCES `likes_target_types` (`id`),
  CONSTRAINT `likes_user_id_fk` FOREIGN KEY (`account_id`) REFERENCES `users` (`id`)
) ENGINE=InnoDB AUTO_INCREMENT=151 DEFAULT CHARSET=utf8 COLLATE=utf8_unicode_ci;
/*!40101 SET character_set_client = @saved_cs_client */;

--
-- Dumping data for table `likes`
--

LOCK TABLES `likes` WRITE;
/*!40000 ALTER TABLE `likes` DISABLE KEYS */;
INSERT INTO `likes` VALUES (1,56,19,1,'1992-10-01 00:00:00'),(2,79,5,2,'2016-08-18 00:00:00'),(3,24,70,3,'1974-08-15 00:00:00'),(4,109,144,4,'1972-08-27 00:00:00'),(5,108,131,5,'2010-03-18 00:00:00'),(6,28,30,1,'2008-09-26 00:00:00'),(7,70,14,2,'2014-08-02 00:00:00'),(8,134,111,3,'1989-05-01 00:00:00'),(9,133,123,4,'2011-09-15 00:00:00'),(10,107,16,5,'1978-05-08 00:00:00'),(11,75,7,1,'2005-03-11 00:00:00'),(12,150,23,2,'1995-06-17 00:00:00'),(13,118,114,3,'2012-06-03 00:00:00'),(14,53,13,4,'1991-10-26 00:00:00'),(15,147,76,5,'1985-04-26 00:00:00'),(16,49,5,1,'1971-05-26 00:00:00'),(17,52,14,2,'1981-10-28 00:00:00'),(18,64,149,3,'1980-08-01 00:00:00'),(19,113,87,4,'2002-11-11 00:00:00'),(20,55,86,5,'2006-12-01 00:00:00'),(21,137,25,1,'2000-01-24 00:00:00'),(22,106,24,2,'1977-01-27 00:00:00'),(23,109,90,3,'2012-09-10 00:00:00'),(24,101,127,4,'1970-03-28 00:00:00'),(25,70,6,5,'2008-06-08 00:00:00'),(26,83,12,1,'1980-08-16 00:00:00'),(27,47,21,2,'1985-04-01 00:00:00'),(28,147,56,3,'1976-10-28 00:00:00'),(29,87,140,4,'2014-11-25 00:00:00'),(30,150,59,5,'1975-10-19 00:00:00'),(31,78,5,1,'1975-04-10 00:00:00'),(32,50,21,2,'1998-05-30 00:00:00'),(33,94,54,3,'1984-02-13 00:00:00'),(34,35,38,4,'1975-04-03 00:00:00'),(35,1,35,5,'1982-06-19 00:00:00'),(36,132,2,1,'1994-09-25 00:00:00'),(37,17,5,2,'1975-05-12 00:00:00'),(38,133,28,3,'2006-06-08 00:00:00'),(39,112,21,4,'1986-09-23 00:00:00'),(40,101,51,5,'1985-10-18 00:00:00'),(41,79,20,1,'1983-05-24 00:00:00'),(42,100,22,2,'1975-06-20 00:00:00'),(43,87,71,3,'2013-09-16 00:00:00'),(44,127,35,4,'1983-12-20 00:00:00'),(45,34,65,5,'1982-08-06 00:00:00'),(46,110,21,1,'1981-08-15 00:00:00'),(47,148,7,2,'1992-03-01 00:00:00'),(48,70,130,3,'1989-11-22 00:00:00'),(49,77,132,4,'2003-05-15 00:00:00'),(50,93,57,5,'2000-11-07 00:00:00'),(51,127,3,1,'1971-01-25 00:00:00'),(52,93,22,2,'1972-08-18 00:00:00'),(53,149,68,3,'1991-05-01 00:00:00'),(54,88,130,4,'1977-12-16 00:00:00'),(55,95,95,5,'2015-06-29 00:00:00'),(56,56,10,1,'2011-12-17 00:00:00'),(57,37,16,2,'1999-03-03 00:00:00'),(58,67,83,3,'1991-05-17 00:00:00'),(59,88,50,4,'2016-12-02 00:00:00'),(60,49,83,5,'2012-01-20 00:00:00'),(61,148,17,1,'2014-06-27 00:00:00'),(62,68,7,2,'2006-10-06 00:00:00'),(63,58,147,3,'1975-09-12 00:00:00'),(64,82,123,4,'2018-01-08 00:00:00'),(65,19,83,5,'1993-06-05 00:00:00'),(66,4,13,1,'1989-08-07 00:00:00'),(67,82,14,2,'1974-10-25 00:00:00'),(68,31,27,3,'2005-10-25 00:00:00'),(69,137,117,4,'1998-05-15 00:00:00'),(70,113,74,5,'1980-07-26 00:00:00'),(71,109,29,1,'2002-03-07 00:00:00'),(72,66,14,2,'1986-06-25 00:00:00'),(73,32,81,3,'2006-10-15 00:00:00'),(74,97,2,4,'1990-04-21 00:00:00'),(75,87,18,5,'2014-06-08 00:00:00'),(76,73,12,1,'1985-02-07 00:00:00'),(77,34,16,2,'1992-08-30 00:00:00'),(78,36,113,3,'1978-01-01 00:00:00'),(79,68,106,4,'1991-04-22 00:00:00'),(80,72,117,5,'1984-10-12 00:00:00'),(81,105,16,1,'1986-11-02 00:00:00'),(82,7,29,2,'1998-09-01 00:00:00'),(83,128,34,3,'2004-09-09 00:00:00'),(84,39,139,4,'1979-12-01 00:00:00'),(85,3,146,5,'1998-03-19 00:00:00'),(86,29,7,1,'1970-11-11 00:00:00'),(87,35,6,2,'2008-10-02 00:00:00'),(88,105,31,3,'1989-02-14 00:00:00'),(89,58,136,4,'2017-04-20 00:00:00'),(90,14,120,5,'1980-12-19 00:00:00'),(91,41,11,1,'2010-05-29 00:00:00'),(92,29,5,2,'1976-08-20 00:00:00'),(93,47,143,3,'1986-10-03 00:00:00'),(94,135,15,4,'2014-05-17 00:00:00'),(95,129,4,5,'1987-12-13 00:00:00'),(96,43,20,1,'2007-10-04 00:00:00'),(97,42,27,2,'2006-09-17 00:00:00'),(98,88,45,3,'1991-03-20 00:00:00'),(99,100,105,4,'1985-09-02 00:00:00'),(100,71,123,5,'1987-06-13 00:00:00'),(101,72,12,1,'2014-11-04 00:00:00'),(102,114,10,2,'1975-04-04 00:00:00'),(103,68,89,3,'2009-10-12 00:00:00'),(104,45,140,4,'1999-09-07 00:00:00'),(105,49,125,5,'1982-02-14 00:00:00'),(106,23,14,1,'2005-03-24 00:00:00'),(107,26,10,2,'2019-01-07 00:00:00'),(108,84,122,3,'2020-04-06 00:00:00'),(109,6,143,4,'1987-07-28 00:00:00'),(110,2,24,5,'1982-05-09 00:00:00'),(111,101,8,1,'2003-03-25 00:00:00'),(112,145,11,2,'1981-05-01 00:00:00'),(113,115,116,3,'1996-02-04 00:00:00'),(114,93,13,4,'1988-04-22 00:00:00'),(115,88,13,5,'1972-11-22 00:00:00'),(116,143,27,1,'2002-08-25 00:00:00'),(117,125,12,2,'2014-12-29 00:00:00'),(118,23,18,3,'1979-12-27 00:00:00'),(119,126,147,4,'1992-12-27 00:00:00'),(120,123,27,5,'1987-02-25 00:00:00'),(121,74,8,1,'2002-10-24 00:00:00'),(122,69,5,2,'1974-03-12 00:00:00'),(123,141,45,3,'1983-10-08 00:00:00'),(124,84,136,4,'2010-08-10 00:00:00'),(125,36,11,5,'1988-08-20 00:00:00'),(126,4,29,1,'2011-04-04 00:00:00'),(127,48,9,2,'1997-12-09 00:00:00'),(128,127,16,3,'1978-02-01 00:00:00'),(129,5,15,4,'1982-03-15 00:00:00'),(130,119,110,5,'1987-06-16 00:00:00'),(131,76,20,1,'2012-07-05 00:00:00'),(132,13,9,2,'2008-08-08 00:00:00'),(133,53,130,3,'2006-12-25 00:00:00'),(134,62,107,4,'1972-09-13 00:00:00'),(135,36,131,5,'2018-10-26 00:00:00'),(136,42,17,1,'2020-01-21 00:00:00'),(137,54,28,2,'1982-04-03 00:00:00'),(138,46,146,3,'1994-05-30 00:00:00'),(139,122,124,4,'2007-12-11 00:00:00'),(140,43,48,5,'1999-07-21 00:00:00'),(141,75,29,1,'2015-01-04 00:00:00'),(142,64,28,2,'1982-08-30 00:00:00'),(143,105,70,3,'1986-10-18 00:00:00'),(144,125,97,4,'2005-06-11 00:00:00'),(145,64,10,5,'2007-03-18 00:00:00'),(146,50,24,1,'1997-01-12 00:00:00'),(147,116,6,2,'2013-06-15 00:00:00'),(148,12,71,3,'1974-11-21 00:00:00'),(149,100,127,4,'1984-06-03 00:00:00'),(150,62,118,5,'2015-05-29 00:00:00');
/*!40000 ALTER TABLE `likes` ENABLE KEYS */;
UNLOCK TABLES;

--
-- Table structure for table `likes_target_types`
--

DROP TABLE IF EXISTS `likes_target_types`;
/*!40101 SET @saved_cs_client     = @@character_set_client */;
/*!50503 SET character_set_client = utf8mb4 */;
CREATE TABLE `likes_target_types` (
  `id` int unsigned NOT NULL AUTO_INCREMENT,
  `name` varchar(15) CHARACTER SET utf8 COLLATE utf8_unicode_ci NOT NULL,
  PRIMARY KEY (`id`),
  UNIQUE KEY `name` (`name`)
) ENGINE=InnoDB AUTO_INCREMENT=6 DEFAULT CHARSET=utf8 COLLATE=utf8_unicode_ci;
/*!40101 SET character_set_client = @saved_cs_client */;

--
-- Dumping data for table `likes_target_types`
--

LOCK TABLES `likes_target_types` WRITE;
/*!40000 ALTER TABLE `likes_target_types` DISABLE KEYS */;
INSERT INTO `likes_target_types` VALUES (2,'hashtag'),(4,'IGTV'),(1,'location'),(5,'profile'),(3,'storie');
/*!40000 ALTER TABLE `likes_target_types` ENABLE KEYS */;
UNLOCK TABLES;

--
-- Table structure for table `location`
--

DROP TABLE IF EXISTS `location`;
/*!40101 SET @saved_cs_client     = @@character_set_client */;
/*!50503 SET character_set_client = utf8mb4 */;
CREATE TABLE `location` (
  `id` int unsigned NOT NULL AUTO_INCREMENT,
  `name` varchar(50) CHARACTER SET utf8 COLLATE utf8_unicode_ci DEFAULT NULL,
  PRIMARY KEY (`id`)
) ENGINE=InnoDB AUTO_INCREMENT=31 DEFAULT CHARSET=utf8 COLLATE=utf8_unicode_ci;
/*!40101 SET character_set_client = @saved_cs_client */;

--
-- Dumping data for table `location`
--

LOCK TABLES `location` WRITE;
/*!40000 ALTER TABLE `location` DISABLE KEYS */;
INSERT INTO `location` VALUES (1,'565 Treutel Mews\nTreuteltown, LA 70036-3030'),(2,'72701 Nelle Row\nFlaviemouth, PA 66913-8507'),(3,'10075 Tate Mount\nSchmidtstad, MS 81134-4022'),(4,'4550 Sammy Village\nHoweborough, SD 65415'),(5,'9333 Bogisich Forge Apt. 673\nCliffordside, NH 5251'),(6,'9226 Verdie Meadows\nWest Lilianaberg, IL 06829'),(7,'46848 Leslie Trail\nWest Makaylamouth, SD 44332'),(8,'558 Langosh Locks Apt. 803\nDorotheaview, PA 69629-'),(9,'7428 Holden Valley Apt. 196\nWalshberg, MS 91611'),(10,'763 Taryn Street\nJaysonborough, DC 84862-2091'),(11,'433 Boyer Grove\nMayerville, MS 88419'),(12,'090 Ubaldo Court Suite 072\nKoelpinland, NJ 01469'),(13,'995 Grady Neck\nKihnshire, OH 94037-9479'),(14,'620 Sanford Landing\nEast Joel, GA 97694-5198'),(15,'26574 Ron Parkway\nRogahnburgh, AR 35288-9832'),(16,'188 Ottis Shoal Suite 178\nNew Leonie, ND 58950'),(17,'88959 Abagail Mountain\nEast Tessiehaven, NV 26884-'),(18,'896 Wintheiser Vista Suite 151\nErnsershire, SD 277'),(19,'60328 Feest Crest\nLake Clint, DC 04842-2437'),(20,'6836 Nienow Trace Apt. 271\nEast Tiara, LA 84347'),(21,'325 Ondricka Coves Apt. 722\nRhiannahaven, HI 98947'),(22,'4249 O\'Keefe Forge Suite 295\nMustafaport, IA 07769'),(23,'24409 Lazaro Views\nBenjaminmouth, AK 87049-1799'),(24,'931 Brakus Mall\nKreigerport, NY 65192'),(25,'903 Ken Island Apt. 676\nJerryberg, NC 19524'),(26,'73737 O\'Keefe Plains Suite 652\nMaxtown, KS 77870-5'),(27,'3808 Parisian Inlet\nMcCulloughhaven, NE 57743'),(28,'276 Homenick Meadow\nLake Stephania, NE 97332'),(29,'00118 Lakin Ranch\nWest Lerachester, UT 02834'),(30,'818 Charlotte Glen Suite 055\nLoweberg, MN 78167');
/*!40000 ALTER TABLE `location` ENABLE KEYS */;
UNLOCK TABLES;

--
-- Table structure for table `media`
--

DROP TABLE IF EXISTS `media`;
/*!40101 SET @saved_cs_client     = @@character_set_client */;
/*!50503 SET character_set_client = utf8mb4 */;
CREATE TABLE `media` (
  `id` int unsigned NOT NULL AUTO_INCREMENT,
  `media_type_id` int unsigned NOT NULL,
  `album_id` int unsigned DEFAULT NULL,
  `user_id` int unsigned NOT NULL,
  `file_path` varchar(255) CHARACTER SET utf8 COLLATE utf8_unicode_ci NOT NULL,
  `size` int NOT NULL,
  `metadata` longtext CHARACTER SET utf8mb4 COLLATE utf8mb4_bin,
  `created_at` datetime DEFAULT CURRENT_TIMESTAMP,
  `updated_at` datetime DEFAULT CURRENT_TIMESTAMP ON UPDATE CURRENT_TIMESTAMP,
  PRIMARY KEY (`id`),
  KEY `media_type_id_media_types_id_fk` (`media_type_id`),
  KEY `file_path_idx` (`file_path`),
  CONSTRAINT `media_type_id_media_types_id_fk` FOREIGN KEY (`media_type_id`) REFERENCES `media_types` (`id`)
) ENGINE=InnoDB AUTO_INCREMENT=172 DEFAULT CHARSET=utf8 COLLATE=utf8_unicode_ci;
/*!40101 SET character_set_client = @saved_cs_client */;

--
-- Dumping data for table `media`
--

LOCK TABLES `media` WRITE;
/*!40000 ALTER TABLE `media` DISABLE KEYS */;
INSERT INTO `media` VALUES (1,1,NULL,128,'https://dropbox/instagram/file_4045',7223965,'{\"owner\":\"Edwina Botsford\"}','1991-01-01 21:52:12','2020-04-29 15:31:20'),(2,2,2,40,'https://dropbox/instagram/file_8390',268650,'{\"owner\":\"Christop Brekke\"}','2009-11-19 10:31:24','2020-04-29 15:31:20'),(3,3,NULL,137,'https://dropbox/instagram/file_9813',5972635,'{\"owner\":\"Hank Gottlieb\"}','1998-06-25 18:19:32','2020-04-29 15:31:20'),(4,1,NULL,117,'https://dropbox/instagram/file_3893',2186960,'{\"owner\":\"Kaylie Kreiger I\"}','2004-09-03 08:59:24','2020-04-29 15:31:20'),(5,2,5,136,'https://dropbox/instagram/file_29',8804651,'{\"owner\":\"Jason Gleichner\"}','2007-05-25 22:46:58','2020-04-29 15:31:20'),(6,3,NULL,83,'https://dropbox/instagram/file_8463',9928868,'{\"owner\":\"Prof. Jessie Kuhn V\"}','2016-02-16 07:34:28','2020-04-29 15:31:20'),(7,1,NULL,55,'https://dropbox/instagram/file_2226',4857025,'{\"owner\":\"Ayden Brekke\"}','1992-09-25 23:28:18','2020-04-29 15:31:20'),(8,2,8,134,'https://dropbox/instagram/file_5744',4030233,'{\"owner\":\"Marge Hoeger\"}','2009-01-23 17:35:54','2020-04-29 15:31:20'),(9,3,NULL,99,'https://dropbox/instagram/file_2040',1464955,'{\"owner\":\"Jany Spencer\"}','2008-10-11 14:04:23','2020-04-29 15:31:20'),(10,1,NULL,5,'https://dropbox/instagram/file_2969',1487169,'{\"owner\":\"Mr. Kris Upton\"}','2011-10-31 07:09:57','2020-04-29 15:31:20'),(11,2,11,35,'https://dropbox/instagram/file_8724',5066683,'{\"owner\":\"Chandler Koelpin\"}','1995-05-14 16:15:50','2020-04-29 15:31:20'),(12,3,NULL,120,'https://dropbox/instagram/file_4710',1459670,'{\"owner\":\"Mina Lakin\"}','1992-05-02 22:33:53','2020-04-29 15:31:20'),(13,1,NULL,100,'https://dropbox/instagram/file_7380',540643,'{\"owner\":\"Diamond Rohan\"}','2009-02-26 02:49:16','2020-04-29 15:31:20'),(14,2,14,77,'https://dropbox/instagram/file_2769',3721484,'{\"owner\":\"Jaydon Kuphal\"}','2005-01-21 06:41:01','2020-04-29 15:31:20'),(15,3,NULL,35,'https://dropbox/instagram/file_1704',6064052,'{\"owner\":\"Katlynn Bradtke\"}','2013-12-05 00:38:20','2020-04-29 15:31:20'),(16,1,NULL,47,'https://dropbox/instagram/file_212',9427377,'{\"owner\":\"Mitchell Barrows\"}','2019-07-30 10:55:07','2020-04-29 15:31:20'),(17,2,17,88,'https://dropbox/instagram/file_5946',9631053,'{\"owner\":\"Dr. Garnet Pfannerstill V\"}','1997-03-06 21:45:49','2020-04-29 15:31:20'),(18,3,NULL,19,'https://dropbox/instagram/file_9097',4149382,'{\"owner\":\"Mr. Hudson Rice DVM\"}','2018-03-14 18:45:16','2020-04-29 15:31:20'),(19,1,NULL,108,'https://dropbox/instagram/file_7644',184556,'{\"owner\":\"Michele Hickle\"}','1994-06-02 21:33:51','2020-04-29 15:31:20'),(20,2,20,76,'https://dropbox/instagram/file_928',2771524,'{\"owner\":\"Prof. Albert Thompson III\"}','2019-01-19 21:40:53','2020-04-29 15:31:20'),(21,3,NULL,19,'https://dropbox/instagram/file_1708',3811493,'{\"owner\":\"Cali Weber\"}','2011-09-09 02:10:08','2020-04-29 15:31:20'),(22,1,NULL,28,'https://dropbox/instagram/file_5755',4661589,'{\"owner\":\"Baron Heaney\"}','2007-05-25 02:03:28','2020-04-29 15:31:20'),(23,2,23,14,'https://dropbox/instagram/file_3649',5533505,'{\"owner\":\"Letha Monahan\"}','2010-10-10 20:19:06','2020-04-29 15:31:20'),(24,3,NULL,98,'https://dropbox/instagram/file_983',9869611,'{\"owner\":\"Izaiah Denesik\"}','1996-12-27 00:58:01','2020-04-29 15:31:20'),(25,1,NULL,131,'https://dropbox/instagram/file_3965',1732997,'{\"owner\":\"Ms. Amy Bins\"}','2006-02-23 19:34:03','2020-04-29 15:31:20'),(26,2,26,44,'https://dropbox/instagram/file_6874',4801993,'{\"owner\":\"Mr. Alberto Abbott\"}','2012-04-21 21:31:44','2020-04-29 15:31:20'),(27,3,NULL,89,'https://dropbox/instagram/file_2477',6140647,'{\"owner\":\"Urban King\"}','2013-07-01 13:03:53','2020-04-29 15:31:20'),(28,1,NULL,66,'https://dropbox/instagram/file_1763',5925847,'{\"owner\":\"Laurie Stehr I\"}','2009-01-21 22:28:57','2020-04-29 15:31:20'),(29,2,29,20,'https://dropbox/instagram/file_1381',9150853,'{\"owner\":\"Mr. Jacey Hintz\"}','2007-06-18 19:46:48','2020-04-29 15:31:20'),(30,3,NULL,25,'https://dropbox/instagram/file_1618',3701062,'{\"owner\":\"Mr. Lawrence Klocko IV\"}','1998-11-30 16:59:26','2020-04-29 15:31:20'),(31,1,NULL,117,'https://dropbox/instagram/file_3944',8371018,'{\"owner\":\"Miss Herminia Ratke Sr.\"}','2009-05-02 17:02:40','2020-04-29 15:31:20'),(32,2,32,81,'https://dropbox/instagram/file_4868',8030540,'{\"owner\":\"Ms. Mattie Herman IV\"}','2019-12-16 21:13:47','2020-04-29 15:31:20'),(33,3,NULL,138,'https://dropbox/instagram/file_2506',8789242,'{\"owner\":\"Arlie Connelly\"}','2013-09-02 05:39:22','2020-04-29 15:31:20'),(34,1,NULL,111,'https://dropbox/instagram/file_7926',2115841,'{\"owner\":\"Luna Kuhic Jr.\"}','1992-07-30 05:08:04','2020-04-29 15:31:20'),(35,2,35,134,'https://dropbox/instagram/file_2111',2182055,'{\"owner\":\"Terrell Johnston\"}','2019-11-05 03:14:12','2020-04-29 15:31:20'),(36,3,NULL,11,'https://dropbox/instagram/file_6776',5333469,'{\"owner\":\"Zoila D\'Amore IV\"}','2005-07-11 19:44:43','2020-04-29 15:31:20'),(37,1,NULL,93,'https://dropbox/instagram/file_7545',7503288,'{\"owner\":\"Reyna Homenick DDS\"}','1990-09-04 16:40:01','2020-04-29 15:31:20'),(38,2,38,88,'https://dropbox/instagram/file_7399',5298151,'{\"owner\":\"Kayli Daugherty MD\"}','1998-09-16 21:04:28','2020-04-29 15:31:20'),(39,3,NULL,48,'https://dropbox/instagram/file_4357',4990786,'{\"owner\":\"Alyce Marks\"}','2017-06-10 11:35:19','2020-04-29 15:31:20'),(40,1,NULL,146,'https://dropbox/instagram/file_9590',1074278,'{\"owner\":\"Jana White\"}','1996-04-04 06:41:39','2020-04-29 15:31:20'),(41,2,41,8,'https://dropbox/instagram/file_4876',8933357,'{\"owner\":\"Emie Kulas V\"}','2004-11-09 08:55:51','2020-04-29 15:31:20'),(42,3,NULL,32,'https://dropbox/instagram/file_5610',8157503,'{\"owner\":\"Mr. Jaylon Grimes\"}','1992-07-05 08:11:02','2020-04-29 15:31:20'),(43,1,NULL,40,'https://dropbox/instagram/file_3422',4101659,'{\"owner\":\"Shyann Hoppe\"}','2013-02-06 08:14:45','2020-04-29 15:31:20'),(44,2,44,48,'https://dropbox/instagram/file_280',8380349,'{\"owner\":\"Keely Morar\"}','2012-03-23 01:53:42','2020-04-29 15:31:20'),(45,3,NULL,1,'https://dropbox/instagram/file_1132',4923898,'{\"owner\":\"Prof. Myrtle Corkery Jr.\"}','2007-03-22 02:27:10','2020-04-29 15:31:20'),(46,1,NULL,48,'https://dropbox/instagram/file_4820',8007603,'{\"owner\":\"Santiago Ebert\"}','2002-11-04 12:34:50','2020-04-29 15:31:20'),(47,2,47,15,'https://dropbox/instagram/file_705',7675779,'{\"owner\":\"Dr. Cynthia Langworth\"}','2003-06-07 13:15:48','2020-04-29 15:31:20'),(48,3,NULL,75,'https://dropbox/instagram/file_9062',7395735,'{\"owner\":\"Jarrod Hettinger I\"}','2006-07-14 00:56:09','2020-04-29 15:31:20'),(49,1,NULL,133,'https://dropbox/instagram/file_3197',1353942,'{\"owner\":\"Kylee Homenick\"}','1991-11-13 03:29:57','2020-04-29 15:31:20'),(50,2,50,23,'https://dropbox/instagram/file_8799',2179283,'{\"owner\":\"Dr. Charlie Cronin\"}','2006-12-25 22:32:30','2020-04-29 15:31:20'),(51,3,NULL,20,'https://dropbox/instagram/file_4403',1476911,'{\"owner\":\"Mrs. Kimberly Metz I\"}','2018-02-26 14:13:02','2020-04-29 15:31:20'),(52,1,NULL,81,'https://dropbox/instagram/file_5615',755600,'{\"owner\":\"Kurt Tromp\"}','2014-07-11 02:48:54','2020-04-29 15:31:20'),(53,2,3,61,'https://dropbox/instagram/file_4869',597071,'{\"owner\":\"Ms. Felicity Jacobs\"}','2001-06-21 20:22:48','2020-04-29 15:31:20'),(54,3,NULL,10,'https://dropbox/instagram/file_7498',681751,'{\"owner\":\"Gregoria Brakus\"}','2009-03-27 01:59:11','2020-04-29 15:31:20'),(55,1,NULL,34,'https://dropbox/instagram/file_2883',4158059,'{\"owner\":\"Delbert Wisoky\"}','2007-05-15 11:00:03','2020-04-29 15:31:20'),(56,2,6,43,'https://dropbox/instagram/file_1918',6958651,'{\"owner\":\"Brennan Rodriguez\"}','1997-06-22 22:24:15','2020-04-29 15:31:20'),(57,3,NULL,136,'https://dropbox/instagram/file_944',6708854,'{\"owner\":\"Dina Kerluke IV\"}','2011-01-31 21:45:20','2020-04-29 15:31:20'),(58,1,NULL,115,'https://dropbox/instagram/file_8963',6730187,'{\"owner\":\"Dr. Keanu Schowalter\"}','2005-08-29 09:39:26','2020-04-29 15:31:20'),(59,2,9,122,'https://dropbox/instagram/file_1982',1585907,'{\"owner\":\"Gordon Haley II\"}','2001-10-06 07:27:08','2020-04-29 15:31:20'),(60,3,NULL,131,'https://dropbox/instagram/file_3021',1759554,'{\"owner\":\"Jammie Davis\"}','2013-01-22 05:17:28','2020-04-29 15:31:20'),(61,1,NULL,52,'https://dropbox/instagram/file_9158',3411188,'{\"owner\":\"Dejah McDermott\"}','1998-01-12 00:53:09','2020-04-29 15:31:20'),(62,2,12,90,'https://dropbox/instagram/file_6728',9786767,'{\"owner\":\"Dr. Tristian Huel PhD\"}','2007-08-04 03:25:53','2020-04-29 15:31:20'),(63,3,NULL,145,'https://dropbox/instagram/file_6167',3232156,'{\"owner\":\"Herminio Price Jr.\"}','2002-11-07 05:21:20','2020-04-29 15:31:20'),(64,1,NULL,47,'https://dropbox/instagram/file_648',97952,'{\"owner\":\"Lynn Swaniawski\"}','1999-08-13 02:04:37','2020-04-29 15:31:20'),(65,2,15,57,'https://dropbox/instagram/file_4740',8155224,'{\"owner\":\"Kaci Robel\"}','2005-09-22 17:27:03','2020-04-29 15:31:20'),(66,3,NULL,39,'https://dropbox/instagram/file_1754',6429415,'{\"owner\":\"Mrs. Onie Kreiger II\"}','1991-12-09 01:26:01','2020-04-29 15:31:20'),(67,1,NULL,99,'https://dropbox/instagram/file_4552',2040413,'{\"owner\":\"Dr. Quentin Powlowski\"}','2007-06-29 10:23:18','2020-04-29 15:31:20'),(68,2,18,85,'https://dropbox/instagram/file_7497',8193211,'{\"owner\":\"Marian Wiegand PhD\"}','1991-07-06 20:48:41','2020-04-29 15:31:20'),(69,3,NULL,95,'https://dropbox/instagram/file_3827',5723323,'{\"owner\":\"Tate Heidenreich\"}','2006-05-31 13:25:08','2020-04-29 15:31:20'),(70,1,NULL,127,'https://dropbox/instagram/file_6643',6838896,'{\"owner\":\"Godfrey Blick Sr.\"}','2005-11-07 00:18:25','2020-04-29 15:31:20'),(71,2,21,124,'https://dropbox/instagram/file_1733',7611579,'{\"owner\":\"Dr. Junior Williamson\"}','2004-11-03 15:06:57','2020-04-29 15:31:20'),(72,3,NULL,138,'https://dropbox/instagram/file_8736',4859274,'{\"owner\":\"Paris Von\"}','2016-02-03 13:30:46','2020-04-29 15:31:20'),(73,1,NULL,34,'https://dropbox/instagram/file_8480',5616646,'{\"owner\":\"Dr. Brisa Gleichner III\"}','2020-01-03 14:52:03','2020-04-29 15:31:20'),(74,2,24,1,'https://dropbox/instagram/file_6194',7320919,'{\"owner\":\"Darryl Auer\"}','2015-05-29 12:29:05','2020-04-29 15:31:20'),(75,3,NULL,83,'https://dropbox/instagram/file_5528',3757699,'{\"owner\":\"Ms. Maya Gusikowski\"}','2011-09-20 22:50:16','2020-04-29 15:31:20'),(76,1,NULL,116,'https://dropbox/instagram/file_9058',3529740,'{\"owner\":\"Eliseo Hackett\"}','2007-09-14 02:36:26','2020-04-29 15:31:20'),(77,2,27,38,'https://dropbox/instagram/file_8707',127918,'{\"owner\":\"Nestor Bailey\"}','2001-01-17 22:33:16','2020-04-29 15:31:20'),(78,3,NULL,113,'https://dropbox/instagram/file_6360',5936739,'{\"owner\":\"Vivienne Moen\"}','2019-05-13 16:12:54','2020-04-29 15:31:20'),(79,1,NULL,28,'https://dropbox/instagram/file_5678',2319864,'{\"owner\":\"Mr. Brennon Lockman Jr.\"}','1995-05-17 17:16:19','2020-04-29 15:31:20'),(80,2,30,68,'https://dropbox/instagram/file_9310',2306272,'{\"owner\":\"Mrs. Vincenza Moore\"}','2015-10-25 00:52:16','2020-04-29 15:31:20'),(81,3,NULL,78,'https://dropbox/instagram/file_9515',4234356,'{\"owner\":\"Kiel Ward\"}','1996-01-08 23:30:25','2020-04-29 15:31:20'),(82,1,NULL,137,'https://dropbox/instagram/file_9643',8409187,'{\"owner\":\"Jules Eichmann Jr.\"}','2014-06-19 23:24:17','2020-04-29 15:31:20'),(83,2,33,74,'https://dropbox/instagram/file_9671',1702619,'{\"owner\":\"Gwen Osinski\"}','1993-05-17 20:37:22','2020-04-29 15:31:20'),(84,3,NULL,143,'https://dropbox/instagram/file_9426',8850819,'{\"owner\":\"Eloisa Mueller\"}','2015-01-14 20:29:39','2020-04-29 15:31:20'),(85,1,NULL,49,'https://dropbox/instagram/file_8115',9746048,'{\"owner\":\"Candido Stokes\"}','2017-09-13 04:08:13','2020-04-29 15:31:20'),(86,2,36,83,'https://dropbox/instagram/file_2297',236841,'{\"owner\":\"Miss Irma Bruen III\"}','2020-04-10 17:01:56','2020-04-29 15:31:20'),(87,3,NULL,68,'https://dropbox/instagram/file_7138',8005481,'{\"owner\":\"Hannah Weissnat\"}','1999-05-21 00:33:50','2020-04-29 15:31:20'),(88,1,NULL,4,'https://dropbox/instagram/file_8801',3643634,'{\"owner\":\"Nikko Conroy\"}','2001-01-06 04:11:19','2020-04-29 15:31:20'),(89,2,39,132,'https://dropbox/instagram/file_2591',1427113,'{\"owner\":\"Patience Kihn\"}','2003-05-01 10:40:58','2020-04-29 15:31:20'),(90,3,NULL,106,'https://dropbox/instagram/file_6551',6223505,'{\"owner\":\"Daphne Swift\"}','2019-07-12 05:01:26','2020-04-29 15:31:20'),(91,1,NULL,131,'https://dropbox/instagram/file_4982',5164874,'{\"owner\":\"Eleazar Pouros MD\"}','1991-06-13 18:07:20','2020-04-29 15:31:20'),(92,2,42,136,'https://dropbox/instagram/file_5256',6013081,'{\"owner\":\"Kallie Klocko III\"}','2009-05-01 00:17:48','2020-04-29 15:31:20'),(93,3,NULL,45,'https://dropbox/instagram/file_1331',4228883,'{\"owner\":\"Prof. Giuseppe Senger\"}','2020-02-04 05:21:24','2020-04-29 15:31:20'),(94,1,NULL,33,'https://dropbox/instagram/file_890',9990362,'{\"owner\":\"Hulda Torp\"}','2014-06-26 04:45:05','2020-04-29 15:31:20'),(95,2,45,99,'https://dropbox/instagram/file_454',5440371,'{\"owner\":\"Dr. Jewell Rogahn Jr.\"}','2010-03-21 08:06:40','2020-04-29 15:31:20'),(96,3,NULL,94,'https://dropbox/instagram/file_9598',5536672,'{\"owner\":\"Yolanda Senger\"}','2009-08-20 18:22:42','2020-04-29 15:31:20'),(97,1,NULL,104,'https://dropbox/instagram/file_6630',3888367,'{\"owner\":\"Dr. Robert Macejkovic\"}','1997-03-17 21:02:38','2020-04-29 15:31:20'),(98,2,48,51,'https://dropbox/instagram/file_4355',887349,'{\"owner\":\"Gilbert Olson\"}','1993-06-25 22:16:17','2020-04-29 15:31:20'),(99,3,NULL,147,'https://dropbox/instagram/file_1886',9384741,'{\"owner\":\"Christine Stamm\"}','1995-04-09 15:06:59','2020-04-29 15:31:20'),(100,1,NULL,138,'https://dropbox/instagram/file_6361',6772651,'{\"owner\":\"Osborne Homenick\"}','2017-11-05 19:17:31','2020-04-29 15:31:20'),(101,2,41,24,'https://dropbox/instagram/file_14904',176231,'{\"owner\":\"Angelita Heller\"}','2020-04-30 14:56:23','2020-04-30 14:58:18'),(102,2,43,113,'https://dropbox/instagram/file_13195',816797,'{\"owner\":\"Roberta Littel PhD\"}','2020-04-30 14:56:25','2020-04-30 14:58:18'),(103,2,20,84,'https://dropbox/instagram/file_18787',276821,'{\"owner\":\"Mrs. Jordane Greenholt III\"}','2020-04-30 14:56:26','2020-04-30 14:58:18'),(104,2,29,13,'https://dropbox/instagram/file_20251',179181,'{\"owner\":\"Susie Hettinger\"}','2020-04-30 14:56:27','2020-04-30 14:58:18'),(105,2,40,71,'https://dropbox/instagram/file_24484',426574,'{\"owner\":\"Xavier Senger\"}','2020-04-30 14:56:27','2020-04-30 14:58:18'),(106,2,10,103,'https://dropbox/instagram/file_22669',191481,'{\"owner\":\"Ethyl Hagenes\"}','2020-04-30 14:56:27','2020-04-30 14:58:18'),(107,2,19,49,'https://dropbox/instagram/file_17424',515523,'{\"owner\":\"Dr. Rasheed Kozey Sr.\"}','2020-04-30 14:56:28','2020-04-30 14:58:18'),(108,2,3,105,'https://dropbox/instagram/file_15357',704487,'{\"owner\":\"Dr. Stella Swaniawski\"}','2020-04-30 14:56:28','2020-04-30 14:58:18'),(109,2,21,139,'https://dropbox/instagram/file_16080',271702,'{\"owner\":\"Desiree Little\"}','2020-04-30 14:56:28','2020-04-30 14:58:18'),(110,2,5,102,'https://dropbox/instagram/file_11625',520509,'{\"owner\":\"Prof. Emelia Baumbach Sr.\"}','2020-04-30 14:56:28','2020-04-30 14:58:18'),(111,2,12,91,'https://dropbox/instagram/file_15168',916876,'{\"owner\":\"Miss Jennie Kub\"}','2020-04-30 14:56:29','2020-04-30 14:58:18'),(112,2,26,118,'https://dropbox/instagram/file_16165',717436,'{\"owner\":\"Lisette Oberbrunner\"}','2020-04-30 14:56:29','2020-04-30 14:58:18'),(113,2,16,60,'https://dropbox/instagram/file_11162',203653,'{\"owner\":\"Prof. Gerda Stamm\"}','2020-04-30 14:56:29','2020-04-30 14:58:18'),(114,2,37,15,'https://dropbox/instagram/file_14245',130844,'{\"owner\":\"Moshe Fay I\"}','2020-04-30 14:56:29','2020-04-30 14:58:18'),(115,2,38,62,'https://dropbox/instagram/file_22010',773672,'{\"owner\":\"Rebeka Medhurst\"}','2020-04-30 14:56:29','2020-04-30 14:58:18'),(116,2,21,119,'https://dropbox/instagram/file_20571',161405,'{\"owner\":\"Sage Sporer\"}','2020-04-30 14:56:29','2020-04-30 14:58:18'),(117,2,33,114,'https://dropbox/instagram/file_23062',84602,'{\"owner\":\"Ruby Erdman Sr.\"}','2020-04-30 14:56:30','2020-04-30 14:58:18'),(118,2,39,87,'https://dropbox/instagram/file_19183',334964,'{\"owner\":\"Carolina Ziemann Jr.\"}','2020-04-30 14:56:30','2020-04-30 14:58:18'),(119,2,40,145,'https://dropbox/instagram/file_16949',430040,'{\"owner\":\"Berenice Haley\"}','2020-04-30 14:56:30','2020-04-30 14:58:18'),(120,2,36,44,'https://dropbox/instagram/file_14875',761750,'{\"owner\":\"Prof. Trycia Raynor DDS\"}','2020-04-30 14:56:30','2020-04-30 14:58:18'),(121,2,40,100,'https://dropbox/instagram/file_24447',837313,'{\"owner\":\"Brennan Moen\"}','2020-04-30 14:56:30','2020-04-30 14:58:18'),(122,2,13,114,'https://dropbox/instagram/file_10413',886548,'{\"owner\":\"Dr. Beau Kreiger\"}','2020-04-30 14:56:30','2020-04-30 14:58:18'),(123,2,15,131,'https://dropbox/instagram/file_16763',653893,'{\"owner\":\"Prof. Narciso Quigley DDS\"}','2020-04-30 14:56:31','2020-04-30 14:58:18'),(124,2,44,61,'https://dropbox/instagram/file_16188',864991,'{\"owner\":\"Prof. Krystel Kunze\"}','2020-04-30 14:56:31','2020-04-30 14:58:18'),(125,2,2,94,'https://dropbox/instagram/file_24910',116709,'{\"owner\":\"Miss Kiara Bechtelar DVM\"}','2020-04-30 14:56:31','2020-04-30 14:58:18'),(126,2,28,66,'https://dropbox/instagram/file_17976',357044,'{\"owner\":\"Mallory Kuhn\"}','2020-04-30 14:56:31','2020-04-30 14:58:18'),(127,2,7,99,'https://dropbox/instagram/file_23106',402677,'{\"owner\":\"Lucinda Boehm\"}','2020-04-30 14:56:31','2020-04-30 14:58:18'),(128,2,18,80,'https://dropbox/instagram/file_19523',587797,'{\"owner\":\"Rhoda Jacobson\"}','2020-04-30 14:56:32','2020-04-30 14:58:18'),(129,2,50,29,'https://dropbox/instagram/file_24827',387686,'{\"owner\":\"Dr. Derrick Nolan\"}','2020-04-30 14:57:01','2020-04-30 14:58:18'),(130,2,47,73,'https://dropbox/instagram/file_19566',754953,'{\"owner\":\"Estell Hagenes\"}','2020-04-30 14:57:02','2020-04-30 14:58:18'),(131,2,41,124,'https://dropbox/instagram/file_20183',936553,'{\"owner\":\"Casimer McGlynn\"}','2020-04-30 14:57:02','2020-04-30 14:58:18'),(132,2,30,31,'https://dropbox/instagram/file_13202',476705,'{\"owner\":\"Savanah Pfannerstill\"}','2020-04-30 14:57:02','2020-04-30 14:58:18'),(133,2,35,10,'https://dropbox/instagram/file_13669',39063,'{\"owner\":\"Henriette Greenfelder\"}','2020-04-30 14:57:02','2020-04-30 14:58:18'),(134,2,21,146,'https://dropbox/instagram/file_19225',175732,'{\"owner\":\"Alexanne Goyette Jr.\"}','2020-04-30 14:57:03','2020-04-30 14:58:18'),(135,2,50,64,'https://dropbox/instagram/file_12258',502248,'{\"owner\":\"Macey Fritsch\"}','2020-04-30 14:57:03','2020-04-30 14:58:18'),(136,2,1,86,'https://dropbox/instagram/file_22389',426996,'{\"owner\":\"Toby Schmidt\"}','2020-04-30 14:57:03','2020-04-30 14:58:18'),(137,2,31,118,'https://dropbox/instagram/file_11536',167732,'{\"owner\":\"Mrs. May Schamberger\"}','2020-04-30 14:57:04','2020-04-30 14:58:18'),(138,2,25,141,'https://dropbox/instagram/file_13382',335653,'{\"owner\":\"Guido Zieme\"}','2020-04-30 14:57:04','2020-04-30 14:58:18'),(139,2,48,118,'https://dropbox/instagram/file_10804',932947,'{\"owner\":\"Ms. Clementine Runte\"}','2020-04-30 14:57:04','2020-04-30 14:58:18'),(140,2,23,75,'https://dropbox/instagram/file_12078',202873,'{\"owner\":\"Therese Morissette\"}','2020-04-30 14:57:05','2020-04-30 14:58:18'),(141,2,28,25,'https://dropbox/instagram/file_12674',406983,'{\"owner\":\"Mr. Clovis Mueller Jr.\"}','2020-04-30 14:57:05','2020-04-30 14:58:18'),(142,2,23,9,'https://dropbox/instagram/file_24155',552536,'{\"owner\":\"Celine Johnson\"}','2020-04-30 14:57:05','2020-04-30 14:58:18'),(143,2,45,117,'https://dropbox/instagram/file_13821',944219,'{\"owner\":\"Dr. Carmine D\'Amore\"}','2020-04-30 14:57:05','2020-04-30 14:58:18'),(144,2,46,110,'https://dropbox/instagram/file_24059',501911,'{\"owner\":\"Roman Lindgren\"}','2020-04-30 14:57:05','2020-04-30 14:58:18'),(145,2,33,115,'https://dropbox/instagram/file_23021',63994,'{\"owner\":\"Oleta Little\"}','2020-04-30 14:57:05','2020-04-30 14:58:18'),(146,2,34,25,'https://dropbox/instagram/file_22523',685231,'{\"owner\":\"Macie Harvey DDS\"}','2020-04-30 14:57:06','2020-04-30 14:58:18'),(147,2,44,50,'https://dropbox/instagram/file_10680',240799,'{\"owner\":\"Teresa Abshire\"}','2020-04-30 14:57:06','2020-04-30 14:58:18'),(148,2,1,60,'https://dropbox/instagram/file_23986',480411,'{\"owner\":\"Lou Erdman\"}','2020-04-30 14:57:06','2020-04-30 14:58:18'),(149,2,28,55,'https://dropbox/instagram/file_12233',666483,'{\"owner\":\"Mrs. Arielle Berge\"}','2020-04-30 14:57:06','2020-04-30 14:58:18'),(150,2,42,32,'https://dropbox/instagram/file_18095',80370,'{\"owner\":\"Dr. Kenton Hickle DDS\"}','2020-04-30 14:57:06','2020-04-30 14:58:18'),(151,2,37,68,'https://dropbox/instagram/file_10957',972012,NULL,'2020-04-30 14:57:06','2020-04-30 14:57:06'),(152,2,31,32,'https://dropbox/instagram/file_12671',280212,NULL,'2020-04-30 14:57:07','2020-04-30 14:57:07'),(153,2,41,41,'https://dropbox/instagram/file_23738',769834,NULL,'2020-04-30 14:57:07','2020-04-30 14:57:07'),(154,2,3,147,'https://dropbox/instagram/file_21006',745889,NULL,'2020-04-30 14:57:07','2020-04-30 14:57:07'),(155,2,24,28,'https://dropbox/instagram/file_17241',873456,NULL,'2020-04-30 14:57:07','2020-04-30 14:57:07'),(156,2,44,114,'https://dropbox/instagram/file_12463',568548,NULL,'2020-04-30 14:57:07','2020-04-30 14:57:07'),(157,2,16,124,'https://dropbox/instagram/file_13348',652156,NULL,'2020-04-30 14:57:07','2020-04-30 14:57:07'),(158,2,28,117,'https://dropbox/instagram/file_14060',27226,NULL,'2020-04-30 14:57:08','2020-04-30 14:57:08'),(159,2,14,48,'https://dropbox/instagram/file_21546',903884,NULL,'2020-04-30 14:57:08','2020-04-30 14:57:08'),(160,2,9,18,'https://dropbox/instagram/file_11687',217028,NULL,'2020-04-30 14:57:40','2020-04-30 14:57:40'),(161,2,35,131,'https://dropbox/instagram/file_13619',616093,NULL,'2020-04-30 14:57:41','2020-04-30 14:57:41'),(162,2,16,108,'https://dropbox/instagram/file_19792',130694,NULL,'2020-04-30 14:57:41','2020-04-30 14:57:41'),(163,2,33,130,'https://dropbox/instagram/file_15677',314621,NULL,'2020-04-30 14:57:41','2020-04-30 14:57:41'),(164,2,20,4,'https://dropbox/instagram/file_24339',718785,NULL,'2020-04-30 14:57:41','2020-04-30 14:57:41'),(165,2,34,39,'https://dropbox/instagram/file_13599',449123,NULL,'2020-04-30 14:57:41','2020-04-30 14:57:41'),(166,2,24,10,'https://dropbox/instagram/file_23173',217904,NULL,'2020-04-30 14:57:41','2020-04-30 14:57:41'),(167,2,21,61,'https://dropbox/instagram/file_21833',752328,NULL,'2020-04-30 14:57:42','2020-04-30 14:57:42'),(168,2,18,75,'https://dropbox/instagram/file_16815',788231,NULL,'2020-04-30 14:57:42','2020-04-30 14:57:42'),(169,2,27,46,'https://dropbox/instagram/file_24165',814731,NULL,'2020-04-30 14:57:42','2020-04-30 14:57:42'),(170,2,10,81,'https://dropbox/instagram/file_11803',996162,NULL,'2020-04-30 14:57:42','2020-04-30 14:57:42'),(171,2,29,134,'https://dropbox/instagram/file_21238',80514,NULL,'2020-04-30 14:57:42','2020-04-30 14:57:42');
/*!40000 ALTER TABLE `media` ENABLE KEYS */;
UNLOCK TABLES;

--
-- Table structure for table `media_types`
--

DROP TABLE IF EXISTS `media_types`;
/*!40101 SET @saved_cs_client     = @@character_set_client */;
/*!50503 SET character_set_client = utf8mb4 */;
CREATE TABLE `media_types` (
  `id` int unsigned NOT NULL AUTO_INCREMENT,
  `name` varchar(15) CHARACTER SET utf8 COLLATE utf8_unicode_ci NOT NULL,
  PRIMARY KEY (`id`),
  UNIQUE KEY `name` (`name`)
) ENGINE=InnoDB AUTO_INCREMENT=4 DEFAULT CHARSET=utf8 COLLATE=utf8_unicode_ci;
/*!40101 SET character_set_client = @saved_cs_client */;

--
-- Dumping data for table `media_types`
--

LOCK TABLES `media_types` WRITE;
/*!40000 ALTER TABLE `media_types` DISABLE KEYS */;
INSERT INTO `media_types` VALUES (3,'IGTV'),(1,'photo'),(2,'storie');
/*!40000 ALTER TABLE `media_types` ENABLE KEYS */;
UNLOCK TABLES;

--
-- Table structure for table `messages`
--

DROP TABLE IF EXISTS `messages`;
/*!40101 SET @saved_cs_client     = @@character_set_client */;
/*!50503 SET character_set_client = utf8mb4 */;
CREATE TABLE `messages` (
  `id` int unsigned NOT NULL AUTO_INCREMENT,
  `from_account_id` int unsigned NOT NULL,
  `to_account_id` int unsigned NOT NULL,
  `body` text CHARACTER SET utf8 COLLATE utf8_unicode_ci NOT NULL,
  `is_delivered` tinyint(1) NOT NULL,
  `created_at` datetime DEFAULT CURRENT_TIMESTAMP,
  PRIMARY KEY (`id`),
  KEY `messages_from_id_users_accounts_id_fk` (`from_account_id`),
  KEY `messages_to_id_users_accounts_id_fk` (`to_account_id`),
  CONSTRAINT `messages_from_id_users_accounts_id_fk` FOREIGN KEY (`from_account_id`) REFERENCES `users_accounts` (`user_id`),
  CONSTRAINT `messages_to_id_users_accounts_id_fk` FOREIGN KEY (`to_account_id`) REFERENCES `users_accounts` (`user_id`)
) ENGINE=InnoDB AUTO_INCREMENT=101 DEFAULT CHARSET=utf8 COLLATE=utf8_unicode_ci;
/*!40101 SET character_set_client = @saved_cs_client */;

--
-- Dumping data for table `messages`
--

LOCK TABLES `messages` WRITE;
/*!40000 ALTER TABLE `messages` DISABLE KEYS */;
INSERT INTO `messages` VALUES (1,6,108,'Itaque voluptas et ea qui aliquam numquam commodi. Sint unde sapiente laborum aut optio. Culpa tenetur porro est laudantium laboriosam minima. Molestias dolorem illo sed esse. Ipsa repellat quisquam aut eos quaerat dolores non.',1,'2000-12-07 07:03:01'),(2,124,2,'Consectetur autem aliquam minima nam accusantium reiciendis qui. Et voluptatem eius commodi ducimus ut omnis. Magni laborum debitis quis nulla qui quaerat fugit.',1,'2020-04-12 02:01:22'),(3,32,52,'Nemo facilis nesciunt vero ad cumque sunt ipsam. Cupiditate sit numquam voluptatem ex.',0,'1991-09-14 08:18:50'),(4,78,15,'Voluptatibus nihil omnis nam aut enim aspernatur molestiae. Dolores nihil modi modi excepturi aliquid repellat nihil illum. Non qui deserunt non in eum praesentium.',1,'2016-02-17 23:20:48'),(5,145,77,'Vero nam ratione aut qui. Qui et qui atque et omnis. Aspernatur autem aliquam sequi molestiae soluta. Culpa itaque eos quis maxime ut.',1,'2010-03-08 17:07:35'),(6,25,5,'Blanditiis et enim voluptatem qui numquam pariatur quam. Sed at culpa neque nostrum quaerat voluptatem nostrum. Suscipit atque rerum nam voluptatibus porro et.',0,'2012-03-07 16:39:24'),(7,99,95,'Et earum maiores soluta cum et. Sed cumque itaque et. Odit neque voluptate illo veritatis dolore id sint sint. Quia voluptas veritatis ut excepturi est qui culpa.',1,'1997-11-27 06:43:32'),(8,79,135,'Harum eaque id est ea aperiam. Amet consequatur et iusto. Ut ut itaque porro velit in. Magni consequuntur tenetur fuga facilis quo.',1,'2002-06-20 23:18:25'),(9,68,79,'Deserunt omnis harum velit. Repellendus dolorum explicabo fugit eos odit nihil. Ipsum et consectetur sit sapiente est. Nulla et magni tempore modi sed soluta sit rem.',1,'1996-06-12 03:37:30'),(10,26,100,'Dolore quisquam odio aspernatur sint ab est facere. Vitae et rerum et dolor nesciunt. Eaque esse non sit dolorem nemo voluptas occaecati. Beatae dolor ratione maiores qui dolorem.',0,'1991-02-16 22:29:38'),(11,143,150,'Modi fuga nesciunt earum expedita aut sapiente qui. Dolores ducimus et aliquam. Quam eos et alias et aspernatur fuga.',0,'2017-12-21 20:22:58'),(12,137,150,'Culpa autem vel officiis doloremque est odit. Dolorem dolorum et voluptate est praesentium pariatur. Neque provident dolor aut cum.',0,'2003-04-27 09:01:18'),(13,75,119,'Nam consequatur accusantium magnam eius omnis quia. Dolor ea fugit minus. Rerum est error consequatur quo nihil rerum laudantium. Voluptatem inventore nulla et consequatur.',1,'2019-10-31 02:10:32'),(14,138,132,'Est blanditiis aspernatur ullam magnam sit nihil maiores. Iusto deserunt dignissimos quia consequatur. Facere maiores nesciunt minus facere. Sed voluptatem facere animi asperiores ut aperiam.',0,'2015-09-28 20:28:58'),(15,41,3,'Numquam qui corrupti est ex. Voluptatum cum eius dicta impedit sequi. Ipsa eum officiis animi odio reiciendis sit. Dolor asperiores tempora impedit nam dolores ut accusamus.',0,'2016-09-02 02:48:39'),(16,47,39,'Esse repudiandae ad vel voluptates ut tenetur. Excepturi culpa dolorem maxime occaecati quia.',1,'2015-04-16 06:01:51'),(17,41,134,'Est illum nemo molestias alias quia fugit. Autem inventore sint non eius. Et et et sunt dolor et at quod aliquid. Optio id porro quo dolor aut doloremque accusantium.',1,'2007-03-15 23:05:30'),(18,60,24,'Est aut voluptas quos quas dolorem. Libero rem minus dolores sed cum velit numquam similique. Iure provident repudiandae illo est sed.',1,'2001-10-23 08:21:01'),(19,76,98,'Totam quibusdam natus quas quia accusamus. Totam sunt quos incidunt eum facere. Neque provident fugit sit quis deleniti aspernatur.',0,'2009-06-26 19:27:33'),(20,88,56,'Consequatur quisquam eveniet qui provident illum. Quia repellat qui omnis omnis laborum omnis quis.',0,'2007-11-01 05:33:33'),(21,50,130,'Earum sapiente occaecati mollitia. Eveniet aliquam qui harum pariatur perspiciatis fuga error. Sint facilis non minus eos et. Sed ullam tempore velit laudantium.',0,'2005-03-05 13:12:09'),(22,74,133,'Qui et est ut at. Animi ut eos nam cupiditate occaecati ipsam quidem. Enim eveniet quia animi.',1,'1997-07-08 21:12:01'),(23,29,135,'Nemo distinctio sequi laborum est et. Minus numquam voluptate illo consequatur.',1,'1997-06-12 12:53:45'),(24,17,120,'Aut nihil itaque debitis explicabo consequatur placeat necessitatibus. Dolorum mollitia illum dolores voluptatibus hic. Maiores minima qui voluptas libero neque.',0,'2000-10-09 20:49:07'),(25,43,121,'Architecto maxime deserunt rerum sed nam. Laudantium eius quam natus aspernatur. Excepturi nostrum nostrum voluptatem impedit esse.',1,'1994-10-25 11:27:17'),(26,42,125,'Incidunt rerum sit distinctio minima non aut tempore. Rerum aut quod eaque. Eveniet aspernatur quis alias odio. Ut qui corrupti esse ut quia et.',1,'2016-03-31 18:47:07'),(27,143,99,'Quia ut nam qui odio et iste deleniti. Omnis velit autem quia earum numquam repudiandae. Qui et modi quia et ut. Id necessitatibus iste ea sit ipsam ut. Quibusdam animi sapiente ad autem.',1,'1992-09-17 21:24:45'),(28,42,19,'Sed dolor cupiditate repellat autem inventore. Odio inventore sequi repellat alias sit. Quis rerum nobis sit rerum beatae quia dolor.',0,'1997-09-10 20:19:37'),(29,60,25,'Omnis et cum sit quia placeat dolorem. Officia in rerum voluptate recusandae iure. Occaecati aut voluptate in non. Omnis consectetur autem voluptate enim perspiciatis mollitia quisquam sed.',1,'2018-05-28 08:05:17'),(30,13,92,'Non molestias dolor ad eos. Enim totam nemo quibusdam veniam. Sed blanditiis dicta ut ea magni est.',0,'2009-03-06 23:50:30'),(31,62,88,'Distinctio ut omnis fuga culpa non. Cumque sed similique inventore omnis quisquam voluptates. Commodi rerum facilis porro aut facilis consequatur nostrum non. Quia dolores accusantium facere provident veniam eius animi. Minus maiores dolorem enim possimus.',0,'1991-12-08 10:07:03'),(32,38,111,'Incidunt doloribus aut ducimus possimus enim et. Omnis possimus et dicta cumque ratione. Sunt et possimus rem qui eos ea. Voluptatem provident explicabo quod ex earum vero nemo eligendi.',0,'2016-04-27 15:37:39'),(33,31,13,'Pariatur magnam maxime ea. Dolor fugiat quidem est. Eos voluptatem aut magnam in illo.',1,'2017-04-17 15:16:44'),(34,11,105,'Rerum ut maiores voluptatem nihil natus sit. Deleniti ut consequuntur et quo consequatur veniam dicta. Ut rerum repellendus vitae sequi natus delectus.',1,'1997-03-17 02:22:49'),(35,76,47,'Quasi non qui praesentium et sed velit quia. Cumque optio non adipisci eum est praesentium velit. Et praesentium voluptatem qui deleniti ut dolorem.',1,'1996-08-07 08:02:48'),(36,116,124,'Maiores sequi qui ut labore dignissimos. Molestiae id vel iure molestias occaecati rem.',1,'2011-12-04 19:07:55'),(37,129,13,'Ut est omnis incidunt accusantium facere voluptatum eos. Voluptatibus porro voluptatum dignissimos aut iusto. Et vero veniam eaque dolore. Quasi ut eum sapiente ex.',0,'2002-01-26 14:19:08'),(38,99,75,'Similique animi necessitatibus suscipit doloribus soluta numquam dolor. Qui nihil vitae voluptas in. Aspernatur veniam molestias dolor quasi debitis.',0,'2015-03-12 12:57:02'),(39,46,3,'Sunt dolor itaque voluptatum non illum nobis commodi fuga. Aut totam est in tempore provident consequatur soluta.',0,'2007-02-04 08:51:57'),(40,31,53,'Ab et et doloribus perspiciatis similique nemo. Minus quaerat nostrum qui soluta hic dolore vel sed. Amet eos tenetur et. Accusamus vel at quae laudantium.',0,'2009-08-06 14:46:14'),(41,47,143,'Suscipit corporis alias voluptas sapiente natus. Sed non perferendis eius rerum. Officia beatae at saepe facilis aliquid. Quibusdam voluptatibus eveniet reiciendis provident.',0,'2003-12-18 10:51:37'),(42,92,101,'Esse quo sint distinctio. Sit pariatur quis nostrum similique dolorum ea. Quia ea temporibus numquam.',0,'2005-03-26 22:58:53'),(43,89,146,'Ipsa voluptatem quia consectetur aspernatur quam similique est. Sed quisquam omnis rerum et aperiam. Error facere rerum repellat ipsa numquam delectus ea eum.',1,'2013-12-10 20:23:59'),(44,85,102,'Adipisci inventore consequatur qui et qui. Asperiores provident adipisci ut et excepturi qui. Debitis ad assumenda porro autem ex.',1,'1992-11-12 18:47:17'),(45,108,38,'Natus quam quas minima molestiae. Itaque officia sed commodi nemo unde et doloribus voluptatem. Inventore praesentium dolores ratione id asperiores voluptatem aut dolorem. Blanditiis qui consectetur autem doloribus doloremque.',0,'2000-11-12 14:07:54'),(46,40,34,'Qui numquam iste unde. Id nisi est delectus totam. Provident incidunt quis ipsa molestias unde natus molestias reprehenderit.',0,'1995-01-03 03:29:36'),(47,44,146,'Quia impedit aut iusto id excepturi nemo. Quae fugiat et dolore dicta ducimus omnis et. Aut modi doloribus nihil recusandae dolorem cum qui. Ut incidunt minus asperiores sed.',0,'2012-01-12 07:30:40'),(48,19,71,'Quia quis porro qui quas omnis reprehenderit vel sed. A qui et cumque aliquam temporibus ducimus. Voluptas veritatis aspernatur ipsum. Vero inventore labore omnis sit magnam ducimus iusto.',0,'2000-03-10 21:07:54'),(49,61,144,'Impedit quas officia rem quos odio sint. Possimus consequuntur ipsam aspernatur explicabo. Necessitatibus ratione explicabo alias. Atque veritatis quis nihil distinctio id harum.',1,'2015-12-27 00:31:32'),(50,134,93,'Non mollitia eaque vitae quia atque minus non nisi. Ut expedita sint minus deserunt sed consequatur laboriosam. Magni itaque aut adipisci quam aliquid omnis et.',1,'2018-01-21 22:56:57'),(51,69,42,'Rerum fuga cupiditate illo odio. Quos quo tenetur alias consequatur dolores. Rem autem exercitationem odio saepe vel voluptas vero. Velit sunt possimus voluptas vel est. Amet molestiae distinctio eum sunt earum accusantium.',1,'1999-10-20 14:59:48'),(52,125,79,'Fugit quidem tempore vel autem id. Ab totam sint et. Cupiditate praesentium quae consequatur sit. Accusamus cum in at id et adipisci. Animi vel dicta alias ipsam est illum ipsam.',0,'2008-01-20 18:22:55'),(53,135,15,'Ut similique nemo deserunt qui voluptates iure. Beatae mollitia corrupti maiores est suscipit nihil fuga. Quasi accusamus deleniti sit mollitia. Asperiores explicabo incidunt rerum corporis.',0,'2013-03-20 20:40:03'),(54,135,61,'Non similique id magni quae in dolores qui. Sed hic quibusdam quasi rerum ducimus aut. Consequuntur optio autem autem a et sunt.',0,'1997-08-09 19:44:10'),(55,120,59,'Eligendi dolorum minima voluptas sint numquam consequuntur. Ut sit assumenda assumenda mollitia eveniet veritatis. Mollitia architecto rerum autem non numquam.',0,'2015-06-15 21:46:09'),(56,33,88,'Sunt voluptas autem odio id. Blanditiis quia aut et aliquam. Ea nesciunt ea alias.',0,'1999-06-05 08:36:16'),(57,103,1,'Sed expedita quidem magni fugiat quibusdam ut. Sed voluptatem quis vero ea nam repellendus. Rerum voluptate est ut molestias magnam. In nihil sint asperiores enim perferendis ut.',0,'1993-04-09 11:11:59'),(58,9,140,'Voluptates incidunt nihil nesciunt pariatur. Nobis et qui similique vel sint. Doloribus enim dolor explicabo sint quia deleniti. Ut ipsa repellendus et sit beatae sit. Recusandae tempora doloribus voluptates sunt officiis exercitationem sapiente.',1,'1991-06-19 19:25:32'),(59,139,141,'Et omnis in dolor rerum vero. Et libero eveniet voluptatibus unde sed. Iste velit qui aut accusamus. Quod deleniti aliquam exercitationem ut laborum ab eum.',0,'2003-06-02 04:44:44'),(60,52,100,'Consequatur animi cumque excepturi ipsum error vitae asperiores distinctio. Facilis cupiditate facilis aut. Eligendi ea illum in at asperiores qui natus. Laborum totam ea cum nisi laborum.',1,'1995-05-02 06:17:04'),(61,55,10,'Quibusdam est error natus earum vel quod. Dolor sint earum repudiandae autem. Corporis amet sit molestias. Similique sit vel cupiditate ex a.',0,'2010-07-22 17:22:33'),(62,45,143,'Dignissimos tempore ex molestiae nisi. Ut alias aut quia quibusdam mollitia et rerum.',0,'2013-04-27 09:28:57'),(63,83,126,'Voluptatibus consequatur officia tempora voluptatum doloribus ab ea. Dolor rem et et. Qui et aliquam praesentium qui ducimus voluptates. Laboriosam velit iure at.',0,'2001-03-19 04:51:06'),(64,47,128,'Vitae at aut ratione rerum aliquam esse. Recusandae quo culpa nulla. Distinctio et ex quaerat dolores corporis sequi enim.',0,'2004-02-05 01:04:08'),(65,34,98,'Distinctio explicabo eligendi nihil voluptate nobis aliquid illo. Et sed ipsa quo omnis. Facere dolorem magnam et neque eum. Expedita voluptate quis quisquam libero earum praesentium.',0,'1999-07-31 21:08:50'),(66,41,82,'Et illo officia vero ipsam facere dolores architecto. Maiores odit sint omnis cupiditate maiores. Accusantium deleniti voluptatem ipsam odio sit quod. Quo ullam et ea facilis natus aliquam.',1,'1999-06-25 00:06:53'),(67,24,24,'Amet ipsa itaque reprehenderit deleniti voluptas nihil laudantium. Voluptatem enim ut qui temporibus aliquam. Earum sit eos dignissimos ullam magnam. Qui deserunt eos minima molestiae praesentium nam.',0,'1991-03-27 05:28:37'),(68,94,98,'Dolores incidunt totam facilis vitae. Explicabo possimus et maxime eos nihil veritatis. Qui cum in dolorem aut ipsa sunt ex dolorum. Est dolorem sed et in voluptatem et laudantium.',0,'2000-08-26 21:11:13'),(69,138,104,'Est id iste quam eius odit eligendi. Aut deserunt ut ut laboriosam exercitationem molestias. Delectus pariatur quaerat amet voluptatem aspernatur.',0,'2015-08-02 06:53:18'),(70,46,146,'Qui voluptatem quis repellat reprehenderit. Voluptatem pariatur doloribus aliquam dolore delectus. Non id qui aliquid enim necessitatibus et quidem non. Aut sint doloribus eius placeat.',1,'2011-12-11 05:13:33'),(71,8,27,'Qui minima illum pariatur ipsum nam. Quia eveniet eos dignissimos vel. Ratione optio sint aliquam sint ut blanditiis quia.',1,'2010-01-15 09:22:21'),(72,4,13,'Rerum et id consequatur debitis. Inventore explicabo et consequatur minus enim non sunt. Et rerum voluptatem nobis aperiam exercitationem. Dolorem voluptas vitae assumenda repudiandae.',1,'2019-07-09 10:11:35'),(73,62,99,'Aut error laudantium accusantium dolor sit. Rerum doloribus voluptas non dolore accusantium inventore temporibus. Veniam omnis officia molestiae.',1,'2009-03-27 09:11:54'),(74,4,55,'Beatae et assumenda vero aut iusto at. Sed sed harum rem rerum pariatur. Sed et dolore rem sed voluptatibus nam.',1,'1998-05-19 09:10:15'),(75,3,46,'Nisi nostrum quasi corrupti repellendus. Veritatis sunt repudiandae nihil enim praesentium. Ut sit beatae et maxime non non fugit quas. Impedit odio dolorum dolorem perferendis.',0,'1993-11-16 00:35:37'),(76,39,67,'Impedit et vero velit. Quisquam nulla tenetur quia assumenda corporis reprehenderit. Doloribus veniam ut fugit officiis. Voluptatum et tempora dolores ut non eum tempora nostrum.',1,'1995-10-16 03:50:05'),(77,72,62,'Laudantium ab facilis voluptatem distinctio adipisci molestiae occaecati expedita. Quas dolorem voluptatem sint commodi. Et qui illo sit molestias at quasi labore. Velit fugit vitae ut minima.',0,'2008-10-04 20:22:57'),(78,60,18,'Earum velit aspernatur rerum eaque. Quis enim velit quam ea. Voluptas ea est sapiente esse eligendi.',0,'1991-08-01 02:59:13'),(79,25,23,'Quis debitis totam ducimus nesciunt accusamus. Et quia dolorem magnam autem id ut aut. Quo rerum nulla omnis nam. Tempore at voluptatem ut quia aliquam.',0,'2015-04-08 23:09:22'),(80,107,81,'Delectus pariatur temporibus doloribus quas velit. Quos saepe dolores et corporis autem molestiae. Autem aut cupiditate aperiam repellendus facere ab consequatur.',0,'1997-04-01 03:48:06'),(81,50,121,'Maxime nobis et aut rem impedit necessitatibus dolorum. Dolor porro voluptas iure qui tempore. Sed quia ea est nihil ratione. Praesentium delectus rerum omnis consectetur neque rerum.',1,'2004-06-28 14:03:13'),(82,142,83,'Magni hic quae quisquam quaerat. Accusamus sint saepe et ut necessitatibus nihil. Nihil debitis voluptates libero nostrum excepturi.',0,'1998-04-02 10:26:38'),(83,5,11,'Odit rem officia sed cupiditate rerum reprehenderit. Praesentium esse libero cupiditate qui tempora sequi exercitationem nihil. Assumenda consequuntur laudantium id accusantium.',0,'1991-02-11 11:58:04'),(84,30,33,'Minus perspiciatis iure ad provident. Laudantium sint alias a officiis. Laboriosam accusamus reprehenderit aut nulla.',0,'1998-02-23 09:47:23'),(85,54,127,'Alias recusandae delectus recusandae cumque et sint quia laudantium. At laborum voluptatum quia quis in mollitia unde et. Ut sed distinctio velit quas. Totam quia cumque rerum nulla earum incidunt autem.',0,'1994-08-09 16:41:28'),(86,112,43,'Quidem quos enim cum dolorem quia. Distinctio placeat ducimus perspiciatis quia ipsum. Quibusdam possimus quia rem repudiandae illum cum dolorem. Accusantium magnam ea rem quia in. Eveniet repellendus possimus corporis perspiciatis nulla non magni.',0,'1998-07-14 17:41:40'),(87,147,142,'Amet cum neque unde quasi architecto. Ut vel recusandae error voluptas. Sint ad omnis eum reiciendis ipsam.',0,'2014-01-29 09:48:24'),(88,84,41,'Velit aut suscipit ea sunt. Illum facere voluptas nostrum. Nemo et placeat saepe ea in vitae.',0,'2005-07-07 14:50:22'),(89,48,139,'Eos esse ullam consequatur. Eveniet ipsum sed corrupti et. Est mollitia facilis aut.',0,'1993-04-17 06:02:31'),(90,23,147,'Doloribus ut voluptatem dolore laboriosam tenetur assumenda aut sequi. Perferendis vitae modi similique mollitia enim facilis rerum ipsam. Ut et possimus nisi quas incidunt consequuntur officiis. Id sunt fugit placeat rerum et.',1,'1991-11-28 09:22:43'),(91,30,59,'Eaque et vel in perspiciatis quae earum deserunt. Possimus amet odio distinctio soluta quae sunt eos. Aut officia quibusdam ut et autem et. Qui nemo eum fugiat debitis et quia nam.',0,'1993-08-18 01:57:03'),(92,124,145,'Id harum ex nulla eius asperiores ut nobis inventore. Fuga veritatis dolores in ipsam. Omnis tempora natus debitis repellendus eum alias.',0,'2015-08-15 03:18:15'),(93,85,93,'Nihil deserunt sint iusto minus maiores. Tenetur debitis velit aliquid ducimus. Aut molestiae dolores voluptas. Culpa molestias non est numquam sit.',1,'2014-08-11 19:28:11'),(94,46,145,'Vitae quos incidunt perspiciatis est rerum consequatur ut consectetur. Tenetur delectus quibusdam sed illum ut rerum. Mollitia enim quia aperiam ad sed doloribus facere. Corrupti asperiores consequatur sequi necessitatibus doloremque.',1,'2014-01-19 05:45:59'),(95,80,135,'Fugiat consequatur quia officiis nostrum. Eos esse molestiae non sapiente quae quo ea. Sit aut inventore sit excepturi est. Illo excepturi molestiae sint expedita et a itaque.',1,'2011-05-07 01:56:44'),(96,29,102,'Ex rerum nihil neque repellat cum error tempora. Est aut deleniti accusamus natus aliquam corrupti.',1,'2019-10-02 10:45:23'),(97,116,145,'Consequatur optio veritatis aliquam vel. Vel minima unde occaecati possimus nemo et eligendi officia. Quod veritatis itaque et et iste iure neque.',1,'2009-11-03 10:04:37'),(98,47,147,'Qui maxime ut veniam cupiditate quisquam qui. A illum assumenda quos non odio id. Reprehenderit ex iusto sit. Dolor aliquam atque et dolor pariatur architecto.',0,'1995-11-23 19:35:08'),(99,46,133,'Sed excepturi ea voluptas quae ea. Provident dolore doloremque et nihil. Et distinctio cum pariatur qui enim ut.',1,'1998-08-04 23:05:55'),(100,44,15,'Nulla incidunt asperiores vel sit sapiente qui. Qui nostrum maxime tempore quasi corporis maiores in blanditiis. At illum voluptatum eius non. Quia eos vel minus fugiat illo ipsum doloremque.',0,'2002-01-14 23:02:50');
/*!40000 ALTER TABLE `messages` ENABLE KEYS */;
UNLOCK TABLES;

--
-- Temporary view structure for view `personal_accs`
--

DROP TABLE IF EXISTS `personal_accs`;
/*!50001 DROP VIEW IF EXISTS `personal_accs`*/;
SET @saved_cs_client     = @@character_set_client;
/*!50503 SET character_set_client = utf8mb4 */;
/*!50001 CREATE VIEW `personal_accs` AS SELECT 
 1 AS `nickname`,
 1 AS `gender`,
 1 AS `birthday`,
 1 AS `about_user`*/;
SET character_set_client = @saved_cs_client;

--
-- Temporary view structure for view `stories`
--

DROP TABLE IF EXISTS `stories`;
/*!50001 DROP VIEW IF EXISTS `stories`*/;
SET @saved_cs_client     = @@character_set_client;
/*!50503 SET character_set_client = utf8mb4 */;
/*!50001 CREATE VIEW `stories` AS SELECT 
 1 AS `id`,
 1 AS `album`,
 1 AS `metadata`*/;
SET character_set_client = @saved_cs_client;

--
-- Table structure for table `stories_albums`
--

DROP TABLE IF EXISTS `stories_albums`;
/*!40101 SET @saved_cs_client     = @@character_set_client */;
/*!50503 SET character_set_client = utf8mb4 */;
CREATE TABLE `stories_albums` (
  `id` int unsigned NOT NULL AUTO_INCREMENT,
  `account_id` int unsigned NOT NULL,
  `name` varchar(15) CHARACTER SET utf8 COLLATE utf8_unicode_ci DEFAULT NULL,
  PRIMARY KEY (`id`),
  KEY `stories_albums_account_id_users_account_user_id_fk` (`account_id`),
  CONSTRAINT `stories_albums_account_id_users_account_user_id_fk` FOREIGN KEY (`account_id`) REFERENCES `users_accounts` (`user_id`)
) ENGINE=InnoDB AUTO_INCREMENT=51 DEFAULT CHARSET=utf8 COLLATE=utf8_unicode_ci;
/*!40101 SET character_set_client = @saved_cs_client */;

--
-- Dumping data for table `stories_albums`
--

LOCK TABLES `stories_albums` WRITE;
/*!40000 ALTER TABLE `stories_albums` DISABLE KEYS */;
INSERT INTO `stories_albums` VALUES (1,91,'quia'),(2,141,'repellendus'),(3,81,'et'),(4,130,'aperiam'),(5,70,'expedita'),(6,4,'alias'),(7,8,'nihil'),(8,90,'eligendi'),(9,103,'quia'),(10,113,'libero'),(11,114,'nihil'),(12,77,'praesentium'),(13,29,'sed'),(14,9,'veritatis'),(15,13,'officia'),(16,126,'repellat'),(17,52,'molestiae'),(18,58,'quis'),(19,35,'saepe'),(20,66,'suscipit'),(21,56,'molestias'),(22,51,'debitis'),(23,75,'magnam'),(24,120,'sit'),(25,128,'temporibus'),(26,65,'consequatur'),(27,62,'quos'),(28,83,'qui'),(29,91,'eveniet'),(30,83,'sunt'),(31,71,'ullam'),(32,5,'nostrum'),(33,85,'ut'),(34,148,'nesciunt'),(35,87,'molestiae'),(36,125,'iste'),(37,134,'quia'),(38,137,'sequi'),(39,92,'officia'),(40,61,'iusto'),(41,68,'nemo'),(42,75,'officia'),(43,13,'quia'),(44,48,'cumque'),(45,28,'odit'),(46,137,'cum'),(47,40,'ea'),(48,67,'fugiat'),(49,62,'ratione'),(50,146,'culpa');
/*!40000 ALTER TABLE `stories_albums` ENABLE KEYS */;
UNLOCK TABLES;

--
-- Table structure for table `subscriptions`
--

DROP TABLE IF EXISTS `subscriptions`;
/*!40101 SET @saved_cs_client     = @@character_set_client */;
/*!50503 SET character_set_client = utf8mb4 */;
CREATE TABLE `subscriptions` (
  `id` int unsigned NOT NULL AUTO_INCREMENT,
  `account_id` int unsigned NOT NULL,
  `target_id` int unsigned NOT NULL,
  `target_type_id` int unsigned NOT NULL,
  `created_at` datetime DEFAULT CURRENT_TIMESTAMP,
  PRIMARY KEY (`id`),
  KEY `subcriptions_target_type_id_subcriptions_target_types_id_fk` (`target_type_id`),
  KEY `subcriptions_account_id_users_id_fk` (`account_id`),
  CONSTRAINT `subcriptions_account_id_users_id_fk` FOREIGN KEY (`account_id`) REFERENCES `users` (`id`) ON DELETE CASCADE,
  CONSTRAINT `subcriptions_target_type_id_subcriptions_target_types_id_fk` FOREIGN KEY (`target_type_id`) REFERENCES `subscriptions_target_types` (`id`)
) ENGINE=InnoDB AUTO_INCREMENT=151 DEFAULT CHARSET=utf8 COLLATE=utf8_unicode_ci;
/*!40101 SET character_set_client = @saved_cs_client */;

--
-- Dumping data for table `subscriptions`
--

LOCK TABLES `subscriptions` WRITE;
/*!40000 ALTER TABLE `subscriptions` DISABLE KEYS */;
INSERT INTO `subscriptions` VALUES (1,33,47,1,'2008-07-04 04:53:41'),(2,27,16,2,'1987-03-01 08:12:42'),(3,75,10,3,'2016-05-15 05:37:58'),(4,17,43,1,'2004-04-01 07:48:17'),(5,94,9,2,'2017-09-23 07:42:21'),(6,111,7,3,'2004-05-29 19:46:46'),(7,131,79,1,'1984-04-24 18:14:05'),(8,84,29,2,'1976-03-19 05:34:15'),(9,86,3,3,'2005-09-27 03:43:21'),(10,33,75,1,'1971-04-15 15:34:11'),(11,87,28,2,'2015-07-31 04:44:42'),(12,39,22,3,'2017-01-22 16:41:22'),(13,81,35,1,'2019-02-07 01:53:06'),(14,42,21,2,'1977-01-09 01:17:01'),(15,22,12,3,'1986-04-01 15:07:08'),(16,144,11,1,'1975-12-17 00:31:03'),(17,59,21,2,'1971-09-01 06:53:57'),(18,121,25,3,'2010-05-12 12:45:10'),(19,121,49,1,'1978-12-25 16:41:52'),(20,89,11,2,'2009-12-18 19:42:58'),(21,96,28,3,'1998-04-25 16:22:28'),(22,70,27,1,'1986-05-08 04:24:49'),(23,37,22,2,'1996-08-03 07:22:06'),(24,28,20,3,'2008-09-14 13:41:00'),(25,83,40,1,'2012-11-07 18:24:25'),(26,102,15,2,'2003-12-28 20:04:50'),(27,71,5,3,'1993-12-31 02:02:08'),(28,82,54,1,'2011-10-25 18:49:20'),(29,102,11,2,'2004-11-05 18:43:03'),(30,138,30,3,'1986-12-15 14:19:36'),(31,146,67,1,'2014-12-19 11:52:57'),(32,51,7,2,'1992-07-16 23:09:11'),(33,34,16,3,'2003-06-27 15:50:52'),(34,67,86,1,'1972-09-13 12:01:55'),(35,31,1,2,'1970-01-25 12:15:09'),(36,37,17,3,'2018-08-31 02:10:01'),(37,105,17,1,'2015-10-30 11:43:56'),(38,61,14,2,'1986-08-24 11:05:13'),(39,19,6,3,'1989-05-08 23:05:10'),(40,134,49,1,'1976-08-20 15:43:14'),(41,52,6,2,'1973-06-25 18:28:38'),(42,59,10,3,'1989-06-03 15:56:46'),(43,58,48,1,'1995-07-06 13:02:55'),(44,121,19,2,'2014-12-23 21:08:19'),(45,130,25,3,'1977-12-25 02:05:18'),(46,123,82,1,'2011-08-31 21:14:03'),(47,137,17,2,'1986-08-09 06:43:46'),(48,19,4,3,'1982-11-11 18:28:21'),(49,17,89,1,'2013-06-02 01:08:14'),(50,131,26,2,'2008-12-17 05:44:06'),(51,80,6,3,'2005-06-03 04:16:02'),(52,86,20,1,'1987-01-14 14:40:39'),(53,143,19,2,'1980-07-25 19:13:13'),(54,129,15,3,'2016-08-16 18:11:48'),(55,26,78,1,'1982-08-10 23:23:27'),(56,142,16,2,'1977-02-19 00:46:09'),(57,96,30,3,'1984-11-04 18:53:14'),(58,11,8,1,'1987-10-05 10:48:01'),(59,88,22,2,'1986-10-17 15:58:52'),(60,120,13,3,'1991-07-20 20:39:07'),(61,133,62,1,'1995-04-23 13:42:11'),(62,94,1,2,'2016-12-16 00:53:07'),(63,20,6,3,'1980-12-23 10:58:07'),(64,67,19,1,'2005-05-06 05:46:38'),(65,147,1,2,'1998-03-02 21:46:24'),(66,59,25,3,'2014-12-25 16:02:34'),(67,66,62,1,'2002-06-27 05:35:34'),(68,91,1,2,'2016-10-01 19:11:53'),(69,55,18,3,'1982-12-10 08:17:43'),(70,81,65,1,'2014-11-27 09:04:45'),(71,147,2,2,'1976-07-28 05:42:13'),(72,78,12,3,'1987-01-20 07:22:15'),(73,127,37,1,'1999-08-20 11:26:50'),(74,16,6,2,'1989-10-20 11:20:32'),(75,12,6,3,'1995-03-18 09:57:39'),(76,61,90,1,'1971-02-16 17:29:08'),(77,121,23,2,'2005-01-08 16:39:02'),(78,133,24,3,'1977-11-07 00:42:35'),(79,31,47,1,'2006-08-16 22:59:27'),(80,68,8,2,'2019-04-30 01:55:18'),(81,146,11,3,'1995-07-04 22:41:51'),(82,63,16,1,'1989-09-19 06:32:21'),(83,26,30,2,'2010-07-11 20:00:20'),(84,80,13,3,'1995-06-20 07:58:35'),(85,62,36,1,'2000-04-05 05:15:06'),(86,84,3,2,'2016-05-13 13:24:09'),(87,117,9,3,'2003-05-15 03:12:51'),(88,6,78,1,'1993-06-06 01:36:24'),(89,81,17,2,'1990-06-12 17:05:37'),(90,26,1,3,'1983-10-11 20:14:51'),(91,65,57,1,'2013-12-11 08:14:22'),(92,101,14,2,'2017-08-04 03:49:37'),(93,35,25,3,'2002-04-26 05:50:58'),(94,104,13,1,'2012-03-27 15:00:51'),(95,122,19,2,'2003-04-23 05:49:52'),(96,63,1,3,'1991-03-13 19:54:39'),(97,132,81,1,'2002-09-10 18:08:17'),(98,123,22,2,'1988-09-30 14:17:44'),(99,90,6,3,'1995-07-04 11:12:35'),(100,42,54,1,'2013-09-17 18:51:54'),(101,17,24,2,'1995-05-13 04:31:54'),(102,71,8,3,'1992-02-05 23:51:48'),(103,140,82,1,'1993-07-08 08:38:35'),(104,122,25,2,'1993-10-22 05:08:46'),(105,97,24,3,'2003-10-05 22:26:27'),(106,120,61,1,'2004-03-27 09:49:27'),(107,105,20,2,'2013-11-17 11:27:38'),(108,66,3,3,'1987-01-10 23:14:27'),(109,82,32,1,'1988-10-22 04:16:29'),(110,123,23,2,'2018-10-13 07:41:40'),(111,121,19,3,'2017-02-16 13:31:52'),(112,72,66,1,'2009-02-09 21:12:42'),(113,100,27,2,'1978-04-30 20:16:01'),(114,51,6,3,'2000-06-30 06:05:00'),(115,115,97,1,'2017-11-29 12:12:44'),(116,111,27,2,'2009-08-02 18:26:23'),(117,7,4,3,'1971-04-07 00:38:03'),(118,42,79,1,'2017-12-13 15:57:45'),(119,41,16,2,'1999-10-07 12:07:56'),(120,60,23,3,'1982-08-09 13:41:22'),(121,8,50,1,'1998-10-20 01:04:51'),(122,122,6,2,'2016-11-20 20:40:13'),(123,133,26,3,'2014-03-17 14:34:47'),(124,129,86,1,'2008-01-06 01:36:47'),(125,40,10,2,'1976-03-29 15:54:53'),(126,73,25,3,'2011-04-01 10:53:05'),(127,86,46,1,'1974-12-01 23:56:49'),(128,29,28,2,'1997-02-16 14:15:04'),(129,120,22,3,'2018-04-25 13:12:22'),(130,50,88,1,'1970-04-14 18:21:17'),(131,57,22,2,'2010-03-12 22:27:47'),(132,41,8,3,'2020-02-05 20:37:15'),(133,23,42,1,'2001-08-20 22:31:34'),(134,102,24,2,'2007-07-08 14:33:23'),(135,95,2,3,'2006-10-08 20:38:12'),(136,146,15,1,'1981-01-07 16:21:47'),(137,9,25,2,'1971-12-12 22:10:32'),(138,61,29,3,'1996-10-20 03:41:05'),(139,96,66,1,'1984-01-25 16:44:46'),(140,143,20,2,'1977-11-29 04:32:50'),(141,10,16,3,'1982-08-29 05:50:27'),(142,139,55,1,'2009-12-16 21:30:17'),(143,95,7,2,'1995-07-23 13:09:13'),(144,6,6,3,'1984-01-29 23:31:34'),(145,70,52,1,'1991-06-01 20:57:06'),(146,141,26,2,'2005-08-13 03:53:13'),(147,142,16,3,'2003-12-09 22:15:38'),(148,34,26,1,'1993-08-02 14:06:15'),(149,92,22,2,'2002-11-17 15:55:33');
/*!40000 ALTER TABLE `subscriptions` ENABLE KEYS */;
UNLOCK TABLES;
/*!50003 SET @saved_cs_client      = @@character_set_client */ ;
/*!50003 SET @saved_cs_results     = @@character_set_results */ ;
/*!50003 SET @saved_col_connection = @@collation_connection */ ;
/*!50003 SET character_set_client  = utf8mb4 */ ;
/*!50003 SET character_set_results = utf8mb4 */ ;
/*!50003 SET collation_connection  = utf8mb4_0900_ai_ci */ ;
/*!50003 SET @saved_sql_mode       = @@sql_mode */ ;
/*!50003 SET sql_mode              = 'ONLY_FULL_GROUP_BY,STRICT_TRANS_TABLES,NO_ZERO_IN_DATE,NO_ZERO_DATE,ERROR_FOR_DIVISION_BY_ZERO,NO_ENGINE_SUBSTITUTION' */ ;
DELIMITER ;;
/*!50003 CREATE*/ /*!50017 DEFINER=`root`@`localhost`*/ /*!50003 TRIGGER `unsubscription_logs_trigger` BEFORE DELETE ON `subscriptions` FOR EACH ROW BEGIN
INSERT INTO unsubscription_logs (from_user_id, to_id, target_type_id)
VALUES (OLD.account_id, OLD.target_id,OLD.target_type_id);
END */;;
DELIMITER ;
/*!50003 SET sql_mode              = @saved_sql_mode */ ;
/*!50003 SET character_set_client  = @saved_cs_client */ ;
/*!50003 SET character_set_results = @saved_cs_results */ ;
/*!50003 SET collation_connection  = @saved_col_connection */ ;

--
-- Table structure for table `subscriptions_target_types`
--

DROP TABLE IF EXISTS `subscriptions_target_types`;
/*!40101 SET @saved_cs_client     = @@character_set_client */;
/*!50503 SET character_set_client = utf8mb4 */;
CREATE TABLE `subscriptions_target_types` (
  `id` int unsigned NOT NULL AUTO_INCREMENT,
  `name` varchar(15) CHARACTER SET utf8 COLLATE utf8_unicode_ci NOT NULL,
  PRIMARY KEY (`id`),
  UNIQUE KEY `name` (`name`)
) ENGINE=InnoDB AUTO_INCREMENT=4 DEFAULT CHARSET=utf8 COLLATE=utf8_unicode_ci;
/*!40101 SET character_set_client = @saved_cs_client */;

--
-- Dumping data for table `subscriptions_target_types`
--

LOCK TABLES `subscriptions_target_types` WRITE;
/*!40000 ALTER TABLE `subscriptions_target_types` DISABLE KEYS */;
INSERT INTO `subscriptions_target_types` VALUES (1,'account'),(3,'hashtag'),(2,'location');
/*!40000 ALTER TABLE `subscriptions_target_types` ENABLE KEYS */;
UNLOCK TABLES;

--
-- Table structure for table `unsubscription_logs`
--

DROP TABLE IF EXISTS `unsubscription_logs`;
/*!40101 SET @saved_cs_client     = @@character_set_client */;
/*!50503 SET character_set_client = utf8mb4 */;
CREATE TABLE `unsubscription_logs` (
  `id` int unsigned NOT NULL AUTO_INCREMENT,
  `from_user_id` int unsigned NOT NULL,
  `to_id` int unsigned NOT NULL,
  `target_type_id` int unsigned NOT NULL,
  `created_at` datetime DEFAULT CURRENT_TIMESTAMP,
  PRIMARY KEY (`id`)
) ENGINE=InnoDB AUTO_INCREMENT=2 DEFAULT CHARSET=utf8mb4 COLLATE=utf8mb4_0900_ai_ci;
/*!40101 SET character_set_client = @saved_cs_client */;

--
-- Dumping data for table `unsubscription_logs`
--

LOCK TABLES `unsubscription_logs` WRITE;
/*!40000 ALTER TABLE `unsubscription_logs` DISABLE KEYS */;
INSERT INTO `unsubscription_logs` VALUES (1,127,15,3,'2020-04-30 15:23:43');
/*!40000 ALTER TABLE `unsubscription_logs` ENABLE KEYS */;
UNLOCK TABLES;

--
-- Table structure for table `users`
--

DROP TABLE IF EXISTS `users`;
/*!40101 SET @saved_cs_client     = @@character_set_client */;
/*!50503 SET character_set_client = utf8mb4 */;
CREATE TABLE `users` (
  `id` int unsigned NOT NULL AUTO_INCREMENT,
  `email` varchar(120) CHARACTER SET utf8 COLLATE utf8_unicode_ci NOT NULL,
  `created_at` datetime NOT NULL DEFAULT CURRENT_TIMESTAMP,
  `updated_at` datetime NOT NULL DEFAULT CURRENT_TIMESTAMP ON UPDATE CURRENT_TIMESTAMP,
  PRIMARY KEY (`id`),
  UNIQUE KEY `email` (`email`),
  KEY `email_idx` (`email`),
  CONSTRAINT `users_users_accounts_id_fk` FOREIGN KEY (`id`) REFERENCES `users_accounts` (`user_id`) ON DELETE CASCADE
) ENGINE=InnoDB AUTO_INCREMENT=151 DEFAULT CHARSET=utf8 COLLATE=utf8_unicode_ci;
/*!40101 SET character_set_client = @saved_cs_client */;

--
-- Dumping data for table `users`
--

LOCK TABLES `users` WRITE;
/*!40000 ALTER TABLE `users` DISABLE KEYS */;
INSERT INTO `users` VALUES (1,'schroeder.kenton@example.org','2000-01-20 15:32:34','2020-04-29 15:18:25'),(2,'emarquardt@example.org','2010-09-01 12:45:45','2020-04-29 15:18:25'),(3,'alfredo.west@example.org','2009-06-02 03:32:10','2020-04-29 15:18:25'),(4,'zieme.devan@example.net','1998-06-04 15:37:09','1998-08-16 10:01:02'),(5,'hrempel@example.net','2019-02-03 10:48:01','2019-05-21 02:08:18'),(6,'triston.collier@example.net','2006-01-30 06:49:49','2020-04-29 15:18:25'),(7,'sallie41@example.com','1997-05-02 07:51:10','2015-03-24 22:15:00'),(8,'harry.veum@example.com','2013-02-01 23:52:15','2020-04-29 15:18:25'),(9,'cmcglynn@example.com','1983-12-20 00:24:15','2020-04-29 15:18:25'),(10,'estella.reinger@example.org','1998-03-12 18:21:24','2020-04-29 15:18:25'),(11,'terrell.schinner@example.com','2009-10-08 21:47:07','2020-04-29 15:18:25'),(12,'cfeil@example.net','1988-07-29 18:48:49','1997-11-02 12:49:48'),(13,'ivah46@example.net','1997-06-22 19:59:33','2010-03-22 03:03:06'),(14,'terry.royce@example.net','1990-06-22 14:02:38','2020-04-29 15:18:25'),(15,'mitchell.williamson@example.com','2005-12-28 12:07:41','2020-04-29 15:18:25'),(16,'hagenes.veda@example.com','2013-11-14 17:27:08','2020-04-29 15:18:25'),(17,'umaggio@example.net','2004-05-17 19:18:28','2020-04-29 15:18:25'),(18,'ifarrell@example.com','1975-07-21 16:59:13','1991-10-15 01:00:27'),(19,'kevin.emmerich@example.net','2007-01-08 19:14:15','2020-04-29 15:18:25'),(20,'pschulist@example.com','1992-07-19 17:29:43','2020-04-29 15:18:25'),(21,'ephraim65@example.com','1986-02-14 11:52:21','2012-03-23 12:25:11'),(22,'karley21@example.org','2002-11-22 04:17:02','2020-04-29 15:18:25'),(23,'vanessa.mclaughlin@example.org','2012-04-27 07:52:47','2020-04-29 15:18:25'),(24,'swaniawski.daniella@example.net','1971-06-07 18:43:26','1984-03-31 23:16:07'),(25,'carlos.ritchie@example.com','2016-01-19 23:59:24','2020-04-29 15:18:25'),(26,'rodriguez.kim@example.net','1983-09-25 11:05:39','2008-11-05 17:38:42'),(27,'edd75@example.net','2003-09-20 23:57:03','2020-04-29 15:18:25'),(28,'gregory08@example.net','1992-08-21 00:08:14','2020-04-29 15:18:25'),(29,'volkman.juvenal@example.net','1998-01-17 22:58:55','2002-11-29 20:14:06'),(30,'zziemann@example.org','1981-03-19 12:45:03','2020-04-29 15:18:25'),(31,'krajcik.jalen@example.net','2014-12-11 16:45:43','2020-04-29 15:18:25'),(32,'tabitha.o\'conner@example.org','1970-01-25 14:59:14','2008-08-14 16:27:13'),(33,'vicente99@example.net','2009-01-12 23:07:17','2009-01-29 03:47:56'),(34,'ehackett@example.net','1996-08-04 05:20:04','2019-03-21 04:01:28'),(35,'lind.noel@example.org','2009-03-10 11:05:45','2020-04-29 15:18:25'),(36,'jreichert@example.net','2001-08-07 10:47:31','2020-04-29 15:18:25'),(37,'cameron.bartoletti@example.org','1999-08-30 15:16:00','2004-03-12 08:21:41'),(38,'audrey65@example.net','1982-10-11 02:10:59','2014-07-01 05:00:31'),(39,'selina.dubuque@example.org','1983-10-22 11:13:57','2020-04-29 15:18:25'),(40,'beatrice.runolfsson@example.net','2010-07-29 05:08:50','2020-04-29 15:18:25'),(41,'henry69@example.org','1996-09-13 08:32:47','2006-05-30 13:00:31'),(42,'milton.kerluke@example.org','1975-11-06 21:58:49','1994-07-01 19:13:43'),(43,'charley54@example.org','1980-06-24 15:52:44','1982-07-18 11:18:49'),(44,'dolores.haley@example.com','2013-04-15 22:46:19','2020-04-29 15:18:25'),(45,'kuvalis.drew@example.com','2008-09-06 05:40:12','2020-04-29 15:18:25'),(46,'ihammes@example.org','1992-09-07 07:57:01','2006-02-19 04:59:32'),(47,'lebsack.katarina@example.net','2003-05-15 06:09:20','2010-08-07 03:24:15'),(48,'cwitting@example.org','2019-11-19 07:53:59','2020-04-29 00:33:08'),(49,'timmy17@example.org','1990-01-15 22:52:37','2016-09-10 11:33:00'),(50,'raynor.gracie@example.com','1980-12-23 10:30:51','2006-11-30 05:41:25'),(51,'norris.fay@example.com','1988-07-27 06:29:14','2015-10-08 22:13:10'),(52,'stehr.jacques@example.com','2014-11-19 18:48:29','2020-04-29 15:18:25'),(53,'amari.gusikowski@example.com','1978-05-05 20:40:41','2016-12-29 10:36:08'),(54,'dannie.rolfson@example.net','2011-04-26 09:05:56','2020-04-29 15:18:25'),(55,'rhammes@example.org','2005-07-13 02:22:43','2020-04-29 15:18:25'),(56,'morris.ryan@example.net','1987-06-10 08:21:17','2020-04-29 15:18:25'),(57,'zheidenreich@example.org','1985-01-16 07:30:59','1995-01-02 06:02:13'),(58,'yasmin.renner@example.net','1999-02-08 08:35:01','2006-01-23 19:23:55'),(59,'morar.herminia@example.org','2009-01-11 09:03:18','2020-04-29 15:18:25'),(60,'florida32@example.com','1984-12-06 15:25:14','2000-01-18 17:41:27'),(61,'mkemmer@example.net','2009-01-18 10:19:38','2020-04-29 15:18:25'),(62,'smith.nat@example.com','1994-04-03 13:09:34','2007-01-19 12:25:55'),(63,'kavon64@example.com','2009-12-15 23:25:02','2020-04-29 15:18:25'),(64,'kylee.fahey@example.org','1993-05-15 22:57:07','2010-07-02 03:35:28'),(65,'julio30@example.org','2019-10-23 22:30:53','2020-04-29 15:18:25'),(66,'lebsack.chanel@example.net','1970-02-21 12:51:09','2015-04-21 11:26:50'),(67,'probel@example.org','2013-01-25 15:55:59','2020-04-29 15:18:25'),(68,'yost.sydnee@example.com','2001-08-24 04:20:44','2020-04-29 15:18:25'),(69,'ibarton@example.org','1973-11-01 13:48:51','1984-07-07 01:15:05'),(70,'tyrell.lubowitz@example.net','1995-12-24 20:21:07','2008-12-16 16:34:49'),(71,'whackett@example.net','1972-03-22 05:40:33','2006-11-07 00:57:03'),(72,'fziemann@example.net','2004-01-27 03:54:38','2020-04-29 15:18:25'),(73,'ardith.dickinson@example.net','1981-08-17 13:24:58','2019-06-22 21:29:24'),(74,'lcrona@example.net','2004-09-09 09:50:08','2020-04-29 15:18:25'),(75,'nitzsche.camille@example.com','2015-06-21 01:28:36','2020-04-29 15:18:25'),(76,'ignatius01@example.org','2010-08-03 02:03:43','2020-04-29 15:18:25'),(77,'joseph.waelchi@example.net','1975-03-03 01:33:25','1994-08-02 03:37:36'),(78,'larue.connelly@example.net','2002-11-28 17:15:03','2005-07-25 07:00:59'),(79,'ollie17@example.com','2001-10-13 00:58:50','2020-04-29 15:18:25'),(80,'moore.cordell@example.com','1998-01-28 00:26:34','2001-03-20 11:41:59'),(81,'okoelpin@example.net','2016-01-26 16:06:25','2020-04-29 15:18:25'),(82,'schroeder.jarrod@example.org','1982-08-29 03:38:30','1987-02-04 23:34:45'),(83,'vhamill@example.com','1983-02-25 04:40:12','2007-09-21 13:22:40'),(84,'bruen.chester@example.net','1975-05-22 21:38:27','2008-12-31 00:44:22'),(85,'plang@example.net','1970-05-26 19:45:28','2005-08-22 15:47:00'),(86,'queenie59@example.net','1990-05-20 18:24:55','2020-04-29 15:18:25'),(87,'mheidenreich@example.net','1972-03-01 17:13:11','2008-02-29 14:55:10'),(88,'neoma.bartell@example.net','1987-11-23 11:29:26','2002-09-09 22:29:36'),(89,'uruecker@example.org','1989-12-30 22:33:44','2014-07-24 02:29:02'),(90,'taylor87@example.org','2000-12-02 04:37:14','2009-01-09 15:07:33'),(91,'bstanton@example.com','1995-06-11 10:23:16','1996-06-14 23:36:58'),(92,'hilario18@example.com','2004-12-08 14:02:31','2020-04-29 15:18:25'),(93,'clifton68@example.org','2012-06-30 08:48:26','2014-06-17 06:24:48'),(94,'charlie.buckridge@example.net','2013-07-18 21:04:27','2020-04-29 15:18:25'),(95,'jacobi.christina@example.net','1994-03-26 21:11:09','2020-04-29 15:18:25'),(96,'jordyn.pagac@example.com','2002-09-26 05:43:24','2020-04-29 15:18:25'),(97,'uweimann@example.net','2018-04-19 21:16:49','2020-04-29 15:18:25'),(98,'ashley55@example.com','1997-02-18 13:53:47','2020-04-29 15:18:25'),(99,'adams.erwin@example.org','1991-02-03 20:16:05','2020-04-29 15:18:25'),(100,'tara.lowe@example.org','1973-05-22 19:44:12','2020-04-29 15:18:25'),(101,'hammes.garry@example.net','2014-07-30 04:50:42','2020-04-29 15:18:25'),(102,'osinski.ava@example.net','1988-12-06 06:11:55','2019-01-25 22:11:54'),(103,'hollis.bosco@example.org','2000-04-14 02:47:30','2000-12-27 01:03:37'),(104,'sandrine48@example.net','1990-06-22 07:20:33','2006-06-02 03:34:32'),(105,'rowe.alice@example.net','2003-02-20 05:16:05','2020-04-29 15:18:25'),(106,'lang.nolan@example.org','1987-10-05 11:15:52','2005-12-17 02:47:42'),(107,'johnny35@example.org','2003-02-19 20:02:00','2020-04-29 15:18:25'),(108,'browe@example.org','1986-07-16 08:05:04','1999-07-10 02:37:42'),(109,'cooper57@example.com','2010-04-24 14:54:43','2014-04-12 13:34:00'),(110,'trantow.rylee@example.com','2004-04-27 07:00:36','2020-04-29 15:18:25'),(111,'patience.towne@example.net','1988-09-19 23:56:54','2020-04-29 15:18:25'),(112,'lpollich@example.com','1989-08-17 02:36:25','1992-11-15 11:47:52'),(113,'ashley34@example.com','1992-04-04 10:27:32','2020-04-29 15:18:25'),(114,'wiegand.dayne@example.net','1987-09-08 19:52:57','2020-04-29 15:18:25'),(115,'jarret.hansen@example.com','1980-01-31 22:25:34','2014-06-24 23:03:03'),(116,'abbott.ettie@example.net','1994-12-21 06:24:58','2020-04-29 15:18:25'),(117,'njast@example.org','2008-09-02 23:51:25','2020-04-29 15:18:25'),(118,'christina.towne@example.net','2017-03-02 01:24:32','2020-04-29 15:18:25'),(119,'marcella33@example.com','2005-02-23 23:31:38','2020-04-29 15:18:25'),(120,'phyllis48@example.com','2000-09-02 19:58:22','2020-04-29 15:18:25'),(121,'jacklyn.heathcote@example.net','1983-12-28 05:50:50','2015-02-09 09:21:43'),(122,'keara.monahan@example.com','2002-07-14 07:10:22','2020-04-29 15:18:25'),(123,'halle.daugherty@example.org','1983-08-30 02:34:22','2020-04-29 15:18:25'),(124,'wluettgen@example.com','1976-08-25 13:15:56','1977-11-15 19:54:50'),(125,'nkonopelski@example.org','1970-08-06 23:15:35','2010-03-17 20:11:31'),(126,'gunner14@example.org','2000-04-04 07:20:29','2019-07-14 10:37:12'),(127,'emanuel.fisher@example.org','2016-09-18 10:28:26','2020-04-29 15:18:25'),(128,'cormier.mustafa@example.org','1988-07-01 08:30:20','2007-06-24 03:35:43'),(129,'valentina88@example.com','1992-09-29 20:40:02','2020-04-29 15:18:25'),(130,'frederik72@example.org','1974-09-20 18:54:15','1981-03-08 13:34:31'),(131,'lhirthe@example.org','1982-12-21 09:08:32','2010-04-01 00:22:22'),(132,'kozey.lydia@example.org','2003-08-04 18:56:30','2013-07-21 08:29:19'),(133,'kathleen.hammes@example.net','2019-01-21 10:32:20','2020-04-29 15:18:25'),(134,'gus28@example.net','1984-05-08 17:21:37','2001-02-15 21:30:52'),(135,'trisha16@example.com','2019-03-19 11:03:04','2020-04-29 15:18:25'),(136,'tiana.macejkovic@example.com','1980-09-23 11:15:49','2016-08-17 16:44:35'),(137,'mtromp@example.net','2005-06-15 20:20:07','2011-01-29 20:45:26'),(138,'rachelle24@example.org','1971-11-27 16:30:00','2020-04-29 15:18:25'),(139,'francis.deckow@example.net','2009-11-20 19:29:21','2012-01-28 10:57:21'),(140,'lmcclure@example.net','1985-01-22 15:18:23','2007-10-02 12:47:45'),(141,'jevon07@example.net','2000-05-26 08:13:57','2020-04-29 15:18:25'),(142,'cora99@example.org','2010-05-16 15:45:47','2020-04-29 15:18:25'),(143,'orpha.fay@example.org','1999-03-12 10:48:37','2020-04-29 15:18:25'),(144,'tanya02@example.org','1991-03-23 09:50:39','1994-06-17 13:48:51'),(145,'abigail.bechtelar@example.net','1989-01-24 02:44:56','1998-02-08 06:51:39'),(146,'johnnie26@example.com','1998-08-24 20:11:03','2020-04-29 15:18:25'),(147,'edwina56@example.org','2011-04-26 05:07:05','2016-06-10 04:25:06'),(148,'jo07@example.org','1986-02-11 07:46:42','2020-04-29 15:18:25'),(149,'xnienow@example.net','2020-03-25 11:13:26','2020-04-29 15:18:25'),(150,'thoeger@example.org','1988-03-31 07:13:33','2020-01-19 12:33:01');
/*!40000 ALTER TABLE `users` ENABLE KEYS */;
UNLOCK TABLES;

--
-- Table structure for table `users_accounts`
--

DROP TABLE IF EXISTS `users_accounts`;
/*!40101 SET @saved_cs_client     = @@character_set_client */;
/*!50503 SET character_set_client = utf8mb4 */;
CREATE TABLE `users_accounts` (
  `user_id` int unsigned NOT NULL AUTO_INCREMENT,
  `name` varchar(50) CHARACTER SET utf8 COLLATE utf8_unicode_ci DEFAULT NULL,
  `nickname` varchar(50) CHARACTER SET utf8 COLLATE utf8_unicode_ci NOT NULL,
  `account_type_id` char(1) CHARACTER SET utf8 COLLATE utf8_unicode_ci NOT NULL,
  `buisness_account_id` int unsigned DEFAULT NULL,
  `gender` char(1) CHARACTER SET utf8 COLLATE utf8_unicode_ci NOT NULL,
  `birthday` datetime NOT NULL,
  `photo_id` int unsigned NOT NULL,
  `site` varchar(255) CHARACTER SET utf8 COLLATE utf8_unicode_ci DEFAULT NULL,
  `about_user` text CHARACTER SET utf8 COLLATE utf8_unicode_ci,
  `created_at` datetime NOT NULL DEFAULT CURRENT_TIMESTAMP,
  `updated_at` datetime NOT NULL DEFAULT CURRENT_TIMESTAMP ON UPDATE CURRENT_TIMESTAMP,
  `is_private` char(1) CHARACTER SET utf8 COLLATE utf8_unicode_ci NOT NULL,
  PRIMARY KEY (`user_id`),
  KEY `users_accounts_buisness_account_id_buisness_accounts_types_id_fk` (`buisness_account_id`),
  KEY `users_accounts_photo_id_media_id` (`photo_id`),
  KEY `nickname_idx` (`nickname`),
  CONSTRAINT `users_accounts_buisness_account_id_buisness_accounts_types_id_fk` FOREIGN KEY (`buisness_account_id`) REFERENCES `buisness_account_types` (`id`),
  CONSTRAINT `users_accounts_photo_id_media_id` FOREIGN KEY (`photo_id`) REFERENCES `media` (`id`) ON DELETE CASCADE
) ENGINE=InnoDB AUTO_INCREMENT=151 DEFAULT CHARSET=utf8 COLLATE=utf8_unicode_ci;
/*!40101 SET character_set_client = @saved_cs_client */;

--
-- Dumping data for table `users_accounts`
--

LOCK TABLES `users_accounts` WRITE;
/*!40000 ALTER TABLE `users_accounts` DISABLE KEYS */;
INSERT INTO `users_accounts` VALUES (1,'Edwina Botsford','collier.carlo','p',NULL,'f','1981-04-02 07:42:53',50,'ortiz.com','Quia molestiae alias doloremque est aliquid. Ut aut ipsum sed ab.','2012-06-20 04:34:07','2020-04-30 13:33:57','1'),(2,'Christop Brekke','qwelch','p',NULL,'m','1935-02-05 01:26:37',17,'skiles.com','Perspiciatis autem ut non doloribus. Recusandae quam reiciendis nulla esse adipisci aut. Sint ut repudiandae architecto distinctio molestiae harum natus.','2006-02-22 22:21:00','2020-04-30 13:33:57','1'),(3,'Hank Gottlieb','llangosh','p',NULL,'m','1958-10-13 09:49:38',98,'wilkinson.com','Sed hic sit ipsum aliquid aperiam est. Consequatur tempore quibusdam et et quis. Et perspiciatis explicabo totam vel eveniet consequatur.','2006-12-06 21:16:41','2020-04-30 13:33:57','1'),(4,'Kaylie Kreiger I','qgoodwin','b',1,'f','1995-01-04 22:21:28',65,'kuhnkuhlman.com','Id minus quo eum esse ullam maiores ut ut. Accusantium beatae rerum repellat in. Dolor mollitia qui animi. Nesciunt ipsum nihil accusantium rerum.','1995-11-04 04:16:53','2013-09-11 06:28:39','1'),(5,'Jason Gleichner','kameron97','b',3,'f','2013-10-17 01:45:02',37,'harris.org','Aut ratione atque omnis corporis dolorem assumenda. Eos adipisci beatae est. Nulla earum voluptatem voluptatem ut eveniet. Nostrum commodi et porro voluptas.','2005-04-16 03:10:41','2020-04-29 15:55:13','1'),(6,'Prof. Jessie Kuhn V','okshlerin','b',5,'f','1992-10-08 16:36:50',93,'quitzon.com','Facilis deserunt dolorum beatae amet. Explicabo voluptatibus quis et in at. Corrupti totam est veniam incidunt et. Porro non ut distinctio aut.\nNulla sunt sequi omnis. Illum et tenetur ut ratione.','1991-06-20 07:56:55','2020-04-29 15:55:13',''),(7,'Ayden Brekke','ted42','p',NULL,'f','1946-05-23 10:06:38',98,'kozey.info','Quis commodi consequatur eveniet. Enim natus sit architecto et velit. Eaque quia pariatur soluta quia voluptatum et qui. Officia fuga et aut totam.','1992-03-27 16:15:27','2020-04-30 13:33:57','1'),(8,'Marge Hoeger','simonis.elisabeth','b',7,'m','1920-11-04 01:45:36',51,'schoendietrich.com','Numquam modi iste praesentium rerum. Illo nesciunt expedita est temporibus. Consequatur pariatur est architecto id. Vero earum ab tenetur ut aut aut qui a. Vitae quibusdam quis accusamus qui.','1991-03-12 05:15:17','2020-04-29 15:55:13','1'),(9,'Jany Spencer','corkery.shanel','b',5,'f','1973-09-26 01:28:44',36,'bosco.com','Dolores et officia quis quibusdam. Similique nemo officiis vel fugiat similique et. Ipsum dolore quae iusto ipsa excepturi eligendi ut. Voluptatem doloremque autem earum mollitia.','2010-12-31 03:12:55','2020-04-29 15:19:01','1'),(10,'Mr. Kris Upton','keyshawn.daniel','b',2,'m','1941-01-29 20:58:47',75,'farrell.com','Nihil ducimus consequuntur asperiores. Aut doloribus repellat debitis facere perspiciatis adipisci sed nihil. Impedit qui est inventore unde id occaecati occaecati.','2009-07-26 08:43:24','2020-04-29 15:55:13',''),(11,'Chandler Koelpin','nader.abigail','b',1,'f','1971-10-24 08:25:27',24,'rolfsonmacejkovic.com','Aspernatur expedita omnis delectus excepturi numquam quo exercitationem. Est id in officiis numquam neque. Qui in similique est et.','2011-03-01 01:44:11','2020-04-29 15:55:13',''),(12,'Mina Lakin','lheathcote','b',6,'m','1969-07-06 20:36:07',25,'schmidt.com','Et enim et quia qui molestiae. Enim ea eveniet rerum illo eos reiciendis. Saepe enim possimus quia.','2016-07-03 14:34:21','2020-04-29 15:19:01','1'),(13,'Diamond Rohan','waters.riley','b',7,'m','2019-07-30 10:05:20',57,'grant.com','Porro distinctio non sequi ut. Maiores in tenetur aperiam aut rem rerum quibusdam. Sint ut facilis doloremque alias.','2016-12-22 11:57:23','2020-04-29 15:19:01',''),(14,'Jaydon Kuphal','vallie36','p',NULL,'f','1947-01-03 05:08:13',95,'fay.com','Facilis vel fugiat delectus quis et. Qui amet ipsum eligendi rerum perferendis. Voluptatibus repudiandae molestiae quibusdam vel.','2006-11-10 18:43:15','2020-04-30 13:33:57','1'),(15,'Katlynn Bradtke','julien.farrell','p',NULL,'f','2012-06-14 16:54:57',2,'tillman.biz','Illo voluptates consectetur occaecati in et libero. Architecto illum autem cumque tenetur similique vero odio.','2008-09-03 15:21:48','2020-04-30 13:33:57','1'),(16,'Mitchell Barrows','zrenner','b',4,'m','1951-12-11 09:56:08',52,'murraymoen.com','Aliquam molestiae accusantium quis. Praesentium at fuga laborum assumenda maxime aut quia. Dignissimos hic est natus unde in exercitationem.','2014-08-14 02:37:53','2020-04-29 15:19:01','1'),(17,'Dr. Garnet Pfannerstill V','delta76','p',NULL,'f','1980-01-20 04:23:17',25,'wilkinson.com','Doloribus quis beatae esse ipsum ut. Perspiciatis voluptate quo ipsam id nulla enim atque. Dolore maxime consectetur minima tempore enim rerum.','1995-06-26 07:11:06','2020-04-30 13:33:57','1'),(18,'Mr. Hudson Rice DVM','watson21','p',NULL,'m','1956-02-18 17:24:24',92,'sawaynwolff.com','Voluptas voluptas libero quo magnam incidunt qui dolores. Vero sequi nemo aut quia laudantium. Accusamus placeat aut quia voluptas optio ipsa.','2010-11-06 20:23:12','2020-04-30 13:33:57',''),(19,'Michele Hickle','gstrosin','p',NULL,'f','1938-12-01 08:49:38',70,'brown.org','Et quasi ab sit sequi dignissimos laboriosam totam. Omnis nam sapiente soluta reiciendis perferendis quas. Dolorem sunt minus est explicabo.','1995-06-22 16:57:41','2020-04-30 13:33:57',''),(20,'Prof. Albert Thompson III','kellie.collier','p',NULL,'m','1932-01-08 03:12:08',73,'pourosjaskolski.com','Accusamus et modi repellat officiis ratione amet laboriosam. Repellat consectetur itaque vel ipsum ratione facilis recusandae.','2010-05-26 02:06:48','2020-04-30 13:33:57',''),(21,'Cali Weber','krajcik.candelario','b',6,'m','1949-11-03 14:12:21',91,'beerabshire.com','Voluptatem et pariatur laudantium ut dolores. Molestiae non et doloremque. Deleniti eos in dolorem molestiae labore nesciunt. Reiciendis rem ut provident dolores ea.','1999-09-19 07:03:46','2006-05-06 21:04:29',''),(22,'Baron Heaney','zulauf.derek','p',NULL,'m','1973-05-13 15:04:56',18,'dach.com','Ipsa quia est excepturi quo praesentium. Omnis deleniti expedita pariatur. Est quis delectus eum quia hic. Necessitatibus quis totam nihil aliquid quia. Suscipit quod ab et et reiciendis omnis.','2012-02-09 08:14:12','2020-04-30 13:33:57','1'),(23,'Letha Monahan','vwolf','b',6,'f','1967-03-13 03:02:49',94,'grady.com','Debitis consectetur veniam quos rerum architecto optio sint officia. Rerum saepe quam deserunt facilis et. Repellendus corrupti amet cumque exercitationem labore.','1998-09-01 06:29:22','2000-04-05 09:10:55','1'),(24,'Izaiah Denesik','jullrich','b',3,'m','2016-05-04 10:17:15',79,'bayer.com','Atque sequi molestiae quidem velit sunt. Cupiditate non in velit deserunt. Assumenda laudantium non modi maxime facilis adipisci non. Voluptas aperiam repellat blanditiis adipisci sed.','1996-08-05 15:37:50','2002-10-07 16:24:11','1'),(25,'Ms. Amy Bins','hartmann.florine','p',NULL,'m','1945-09-22 10:50:01',74,'schuppe.com','Officia ut rem maxime dolores consectetur. Est facere aut et consequatur deleniti eveniet. Eaque et accusantium assumenda similique non voluptas qui. Et iusto est dolor optio eaque.','2007-06-13 07:20:57','2020-04-30 13:33:57','1'),(26,'Mr. Alberto Abbott','runte.lexus','b',4,'m','1989-09-15 02:43:37',96,'pollich.com','Quis eaque commodi qui debitis. Consequatur quaerat sed adipisci minus et est. Cumque nostrum in et quisquam omnis corrupti ut. Quis perspiciatis quia exercitationem rerum quos dolorem dolor.','1997-02-12 19:55:23','2020-04-29 15:19:01','1'),(27,'Urban King','ari00','p',NULL,'f','1977-07-31 21:05:33',15,'turner.com','Et saepe molestiae quibusdam quia. Amet adipisci ullam non aliquam qui. Omnis enim harum aspernatur.','2005-06-22 00:12:59','2020-04-30 13:33:57','1'),(28,'Laurie Stehr I','boyle.ludie','b',1,'f','2003-02-21 19:17:31',75,'legrosleffler.com','Autem et impedit iure tempore animi recusandae doloremque est. Facere quisquam tempora qui ratione. Qui omnis odio cupiditate sunt quia non reiciendis. Sit possimus reiciendis voluptas non.','2016-03-08 11:05:19','2020-04-29 15:19:01',''),(29,'Mr. Jacey Hintz','jerde.blaise','b',7,'f','2010-01-12 07:40:20',10,'gibsonwalter.com','Vitae sit dolor qui necessitatibus natus saepe. Earum explicabo occaecati sed rerum tempore laboriosam. Consequatur aliquid sapiente consectetur et placeat.','1993-11-29 02:43:11','1996-02-22 00:12:12','1'),(30,'Mr. Lawrence Klocko IV','lang.justine','p',NULL,'m','1971-07-13 10:33:21',73,'altenwerth.com','Repudiandae aut dicta ea. Velit sunt voluptas qui ratione. Qui accusantium aperiam ea eum ut illo. Vero vel nisi laborum animi.','2003-05-20 04:08:22','2020-04-30 13:33:57','1'),(31,'Miss Herminia Ratke Sr.','jacinthe.wuckert','p',NULL,'f','1979-03-24 21:01:27',79,'ebertwilderman.net','Nisi quis voluptas quis deserunt optio. Et doloribus occaecati voluptas ut incidunt sed. Sunt repudiandae hic nisi dignissimos. Culpa soluta deserunt quis.','2001-10-27 23:44:45','2020-04-30 13:33:57',''),(32,'Ms. Mattie Herman IV','neal50','p',NULL,'f','1977-03-28 04:06:29',18,'sipesstoltenberg.org','Est repellat ipsam asperiores qui laudantium in. Iste beatae accusantium eos aut. Consequatur numquam quia excepturi. Tempora nam aspernatur reiciendis repudiandae.','2008-07-20 19:53:12','2020-04-30 13:33:57','1'),(33,'Arlie Connelly','hipolito.wilderman','p',NULL,'m','1996-02-24 20:48:54',48,'kozey.biz','Ut nihil aut sequi cum accusamus vitae nulla. Suscipit maxime ab tempora perspiciatis officiis cumque. Corporis velit saepe impedit quod.','2019-08-05 05:11:39','2020-04-30 13:33:57','1'),(34,'Luna Kuhic Jr.','ccartwright','p',NULL,'f','1997-06-23 06:53:49',68,'rutherfordquigley.com','Eaque repellat quia sint et quos non eaque. Voluptatem illo commodi voluptate error architecto nisi omnis. Sint ea et explicabo magnam aut velit omnis. Quia eaque recusandae nisi dolor facilis in.','2016-02-21 10:55:41','2020-04-30 13:33:57','1'),(35,'Terrell Johnston','verner.pacocha','b',7,'m','1998-04-29 02:34:47',83,'metzauer.com','Vero totam quia reprehenderit laboriosam ratione. Maiores ut aut voluptatem.\nIllo adipisci unde consequatur perferendis error. Sed omnis nihil quibusdam repellat.','2006-04-01 11:04:42','2020-04-29 15:55:13','1'),(36,'Zoila D\'Amore IV','brenna01','b',6,'f','1940-03-23 17:56:54',4,'bednar.org','Et numquam laudantium adipisci qui quidem minima cumque quam. Saepe ut repellendus aut. Non delectus consectetur voluptatem saepe ipsam. Et voluptatem quas cupiditate est.','2003-08-05 10:46:05','2013-02-16 23:56:10',''),(37,'Reyna Homenick DDS','myron21','p',NULL,'f','2012-10-24 14:00:36',10,'braunharris.com','In aut nemo expedita sint eum non. Modi saepe aut ut. Architecto aliquam quod magni consequatur. Iste occaecati velit veniam nihil dolorum.','2015-02-20 22:20:25','2020-04-30 13:33:57','1'),(38,'Kayli Daugherty MD','janae51','p',NULL,'m','1978-09-29 07:30:46',79,'lynchfahey.com','Dolorem sed ipsum voluptatem voluptatem iste. Quo molestiae iusto voluptate sint itaque culpa alias. Consequatur in dolore quo dolor harum nihil ut.','2000-08-06 00:27:56','2020-04-30 13:33:57',''),(39,'Alyce Marks','kunze.selmer','b',7,'m','1949-01-18 23:11:43',58,'graham.net','Voluptas et sequi atque id quia itaque adipisci. Vel aut sapiente quo aut delectus quae rerum aliquid. Maxime ea sunt nihil qui numquam qui.','2002-09-01 14:02:00','2003-06-03 19:15:00',''),(40,'Jana White','gennaro67','p',NULL,'m','2018-10-19 18:30:58',72,'bergeschinner.com','Asperiores quaerat error est ex id odit. Ea dolor blanditiis architecto eaque. Et sed at ut est similique odio. Ipsam hic dolores consequatur aut.','2008-01-01 19:38:30','2020-04-30 13:33:57',''),(41,'Emie Kulas V','ova.pfannerstill','p',NULL,'m','1953-09-18 05:37:37',32,'ryan.com','Quo perspiciatis sint reprehenderit. Corporis ut consequuntur distinctio sed quae doloremque. Tempora at itaque amet iste necessitatibus autem.','2014-06-27 23:42:16','2020-04-30 13:33:57','1'),(42,'Mr. Jaylon Grimes','skylar.hyatt','p',NULL,'m','2011-07-07 02:45:53',9,'ritchie.com','Dolorem necessitatibus non veniam iusto dolor alias occaecati. Inventore sed quia ad nihil. Dolorem nisi nihil temporibus blanditiis ipsam modi.','2003-10-13 19:31:07','2020-04-30 13:33:57','1'),(43,'Shyann Hoppe','king.morris','b',1,'m','1934-11-22 10:12:52',40,'beckerzulauf.com','Non pariatur quis maxime quis quae voluptatem. Numquam quos libero ipsum aut sint veritatis consequatur.','1992-03-27 22:50:09','2004-02-21 21:59:24',''),(44,'Keely Morar','helga48','p',NULL,'m','2005-04-10 08:00:05',30,'rodriguez.com','Fuga sit amet quibusdam architecto cumque. Consequuntur consequatur quibusdam ut quos commodi vitae. Quia voluptatem facilis omnis quod voluptatum eius.','2001-06-28 03:23:50','2020-04-30 13:33:57','1'),(45,'Prof. Myrtle Corkery Jr.','rhea57','p',NULL,'m','2012-07-21 15:45:28',31,'von.com','Earum porro beatae est odit. Iusto similique cum quas non dolorem. Vel aperiam qui corrupti rerum.','2015-08-21 06:20:00','2020-04-30 13:33:57','1'),(46,'Santiago Ebert','alfonzo13','p',NULL,'f','1990-10-09 13:36:53',73,'collierbraun.org','Tenetur iste non dolore repellendus ut. Iste aliquid quisquam odit unde. Vel molestias voluptatibus accusamus.','2020-02-12 19:46:42','2020-04-30 13:33:57','1'),(47,'Dr. Cynthia Langworth','gregory31','p',NULL,'m','1971-11-19 06:20:58',41,'lubowitz.com','Dolor molestiae consequatur unde provident eligendi eos nobis. Corrupti et qui voluptatem ut est officiis voluptatem. Aut dolore molestiae quod.','2000-07-12 17:16:10','2020-04-30 13:33:57','1'),(48,'Jarrod Hettinger I','epouros','b',7,'f','1995-10-22 03:35:01',47,'okuneva.biz','Sunt enim doloremque architecto iure voluptate ut. Veniam molestias velit quis consectetur voluptas beatae. Possimus et nemo illo architecto. Unde quam modi beatae.','1997-02-07 01:24:53','2016-07-03 02:02:25',''),(49,'Kylee Homenick','orville20','b',2,'f','1939-11-07 17:51:34',23,'lednerfeest.com','Et laudantium hic qui qui harum. Consequatur expedita voluptas id mollitia nihil dolorem voluptatem rerum. Adipisci omnis dolorum ducimus doloremque sunt vel quo.','2006-06-29 09:27:36','2020-04-29 15:55:13','1'),(50,'Dr. Charlie Cronin','lgoyette','b',3,'f','2015-10-13 01:43:20',25,'labadieorn.org','Libero quod qui rem doloribus placeat dignissimos et. Pariatur officia culpa repellat corporis hic aliquam a ea.','1995-04-20 21:15:43','2020-04-29 15:55:13','1'),(51,'Mrs. Kimberly Metz I','harmon15','b',4,'m','1940-09-11 11:46:29',21,'moen.com','Autem facilis vel nobis blanditiis tempora et ea. Doloribus magnam et ratione.\nTempore dolore vel ut culpa ea sapiente. Dolorum officiis at ea et quia minus.','2001-11-17 11:22:19','2002-03-26 21:01:30',''),(52,'Kurt Tromp','zjenkins','b',7,'m','1971-11-11 13:31:53',1,'reilly.com','Sint voluptas repellendus eum sed delectus voluptatibus rerum. Quaerat eum vitae fuga ex excepturi minima illum. Deserunt unde eum magni totam consequatur illum.','1995-07-11 14:50:43','1996-01-29 22:24:59','1'),(53,'Ms. Felicity Jacobs','waylon85','b',2,'m','1923-03-07 12:37:37',52,'schiller.com','Eos incidunt sint est dignissimos hic. Iste molestias sit molestiae nisi. Ipsam iste maxime ut perspiciatis alias.','2002-03-05 20:14:50','2010-04-11 11:54:43',''),(54,'Gregoria Brakus','domingo40','b',7,'f','1945-10-14 10:59:17',25,'mccullough.org','Minus aut praesentium nemo omnis asperiores. Perferendis sint unde voluptates praesentium et et aut. Animi quasi natus iusto autem cumque amet provident.','2000-11-26 23:17:02','2013-05-12 17:50:02',''),(55,'Delbert Wisoky','shaylee.orn','p',NULL,'m','1968-07-25 21:51:54',57,'ziemerippin.com','Illo magni explicabo itaque rerum incidunt sequi dolores et. Et et explicabo beatae suscipit ut. Magnam eaque aperiam adipisci quod nostrum et voluptate est. Pariatur quia autem dolores est.','2011-09-07 03:30:37','2020-04-30 13:33:57',''),(56,'Brennan Rodriguez','yrodriguez','b',3,'f','2005-04-25 08:55:15',77,'walker.com','Incidunt earum quidem eum deserunt. Quis qui et temporibus expedita.','2005-05-08 07:21:26','2020-04-29 15:19:01',''),(57,'Dina Kerluke IV','tomasa03','p',NULL,'m','1968-02-02 21:19:28',1,'bashirian.biz','Voluptatem voluptas amet quaerat aut qui pariatur dolor. Rem aut repudiandae eveniet in. Laborum fuga molestiae dolorem distinctio voluptas amet neque. Expedita voluptate quam quia quia maxime qui.','2019-01-18 19:24:23','2020-04-30 13:33:57','1'),(58,'Dr. Keanu Schowalter','schaden.ally','p',NULL,'m','1959-06-07 09:34:15',26,'larkincasper.com','Aut sit in vitae laborum quos. Et vitae ea odio ipsam voluptas qui. Laboriosam autem quia quo.','1998-05-14 07:09:55','2020-04-30 13:33:57',''),(59,'Gordon Haley II','vkoss','b',6,'m','1937-08-26 14:23:39',32,'gislasonarmstrong.com','Rerum tenetur explicabo qui vero ipsum blanditiis veniam unde. Sed aut perferendis corrupti eaque beatae recusandae. Libero ut sit nemo et.','2007-03-17 02:57:43','2015-08-27 16:12:16','1'),(60,'Jammie Davis','alexie22','b',7,'m','1999-01-28 05:49:12',25,'langosh.com','Qui aperiam dolorem enim sit ipsum. Autem nulla sapiente earum consequatur.','2005-08-16 20:03:27','2020-04-29 15:19:01','1'),(61,'Dejah McDermott','kari33','p',NULL,'f','2007-05-25 20:34:19',92,'oconner.com','Eum aliquam officiis corporis ipsa laborum. Sunt et voluptatibus et architecto nostrum quas. Maxime eum repudiandae alias velit. Delectus fugit non vero eius aut. Soluta numquam temporibus ratione.','2018-05-11 17:15:06','2020-04-30 13:33:57',''),(62,'Dr. Tristian Huel PhD','kfarrell','p',NULL,'m','1954-04-07 03:07:19',7,'keeblergoodwin.org','Porro eaque vel praesentium et et. Et saepe ea optio deleniti qui ad. Veniam sint laborum in id voluptatem.','2015-10-16 18:17:29','2020-04-30 13:33:57',''),(63,'Herminio Price Jr.','hilll.sunny','p',NULL,'m','1950-01-18 01:19:39',63,'erdmanparker.net','Ad et quasi nobis temporibus enim debitis et. Ut debitis reprehenderit voluptas nostrum rerum. Odio molestiae et et commodi est eius. Similique quisquam quos repellat ut.','1995-02-12 11:54:37','2020-04-30 13:33:57','1'),(64,'Lynn Swaniawski','mohr.nolan','p',NULL,'m','1942-03-25 23:15:37',96,'schiller.com','Qui nihil possimus quaerat asperiores ut velit qui. Voluptatibus ipsa voluptas rerum expedita mollitia id. Consequatur voluptatem illum consectetur et.','2014-01-27 04:03:15','2020-04-30 13:33:57',''),(65,'Kaci Robel','gia.sipes','p',NULL,'m','2017-04-21 03:46:36',31,'crist.com','Eum rerum sequi ducimus ipsum. Cum enim nam omnis ipsum odit nihil. Vitae nobis aliquid et non voluptatum nesciunt non et.','2009-05-09 12:49:24','2020-04-30 13:33:57',''),(66,'Mrs. Onie Kreiger II','albin.hoeger','p',NULL,'m','1938-11-10 14:12:06',93,'ohara.net','Doloribus ut fuga quae. Soluta voluptatem et dolor natus quae quis nam. Ex vel non quibusdam officiis. Quisquam rerum et maxime exercitationem dolores.','1992-09-10 23:23:52','2020-04-30 13:33:57','1'),(67,'Dr. Quentin Powlowski','conroy.barry','p',NULL,'f','1921-09-02 08:34:16',75,'harbercrooks.biz','Quis dolor ut architecto eius quia molestiae quidem. Quo incidunt nihil qui. Veritatis quia deserunt perferendis in qui voluptas. Consequatur pariatur reprehenderit reprehenderit repudiandae.','2004-09-11 07:57:17','2020-04-30 13:33:57','1'),(68,'Marian Wiegand PhD','guadalupe.kshlerin','p',NULL,'m','1966-09-04 16:57:22',70,'mann.com','Voluptas voluptas sint quia sapiente maiores quo in. Cumque voluptate ut cupiditate facere. Fugit qui voluptatem aut aut iure quam.','2011-10-12 20:09:33','2020-04-30 13:33:57','1'),(69,'Tate Heidenreich','bblick','p',NULL,'f','1964-02-29 06:39:53',98,'gislasonjones.net','Id illum repellendus dolores sit provident. Ex impedit repellat omnis libero debitis animi repudiandae. Mollitia aut et ea velit quod error voluptatibus.','2002-12-08 01:14:31','2020-04-30 13:33:57',''),(70,'Godfrey Blick Sr.','rkeebler','p',NULL,'m','1994-03-24 13:39:56',47,'mante.net','Quae et quisquam quibusdam dolorum sint consectetur illum. Rerum voluptatem corrupti ex et provident modi sunt.','1998-02-04 04:14:24','2020-04-30 13:33:57',''),(71,'Dr. Junior Williamson','miller.daniel','p',NULL,'f','2004-09-11 00:32:41',65,'abbott.info','Sit voluptas alias quidem sunt voluptates sit. Magnam voluptates harum velit reiciendis optio et. Tenetur reiciendis reiciendis cum dolores.','1990-05-19 05:30:39','2020-04-30 13:33:57',''),(72,'Paris Von','cruickshank.carmella','b',5,'m','1954-12-25 01:44:35',91,'lakincassin.com','Sit voluptate minus quia voluptatibus molestiae quidem. Non maiores ipsum architecto reiciendis voluptatem tempora officiis. Perferendis sit qui molestiae eos laudantium et aut quia.','2018-08-30 12:22:31','2020-04-29 15:19:01','1'),(73,'Dr. Brisa Gleichner III','erik.dach','p',NULL,'f','2013-10-19 09:02:14',56,'price.com','Qui vel fuga dolorum et omnis sint alias et. Consequuntur id doloribus et aut. Alias ipsam dolorum est cupiditate. Eum ea facere porro.','1992-03-19 09:26:58','2020-04-30 13:33:57',''),(74,'Darryl Auer','mueller.john','p',NULL,'m','1957-09-25 18:36:04',21,'hamill.com','Illum voluptas ab sed ipsa. Voluptatum sed asperiores consequatur. Repellendus reiciendis impedit perferendis hic autem.','2008-12-09 04:20:36','2020-04-30 13:33:57','1'),(75,'Ms. Maya Gusikowski','zbrown','b',5,'m','1944-04-05 18:10:04',30,'rueckerlittel.com','Ab eaque qui molestias error unde ad. Illo autem praesentium est quam officia. Saepe delectus consequatur dolor porro expedita enim.','2000-03-28 01:13:24','2020-04-29 15:55:13','1'),(76,'Eliseo Hackett','rogelio74','b',7,'m','2002-10-01 04:15:47',52,'haley.com','Quas illo et veritatis modi. Non dolorum et eos.','1991-04-30 23:45:45','2020-04-29 15:55:13','1'),(77,'Nestor Bailey','scartwright','b',1,'f','2015-11-22 21:30:32',52,'anderson.com','In magnam qui sapiente labore et. Non nobis sunt similique est neque modi. Assumenda itaque accusantium aliquam nobis. Distinctio quaerat reprehenderit ut sed dolor sit et.','2006-01-28 12:37:17','2020-04-29 15:19:01',''),(78,'Vivienne Moen','mireille71','p',NULL,'m','1971-01-07 00:00:16',76,'lehner.net','Omnis vel natus quo dolorem incidunt ratione. Iusto repudiandae suscipit facilis et. Occaecati labore dolores sint cum quia voluptatem autem. Quam est dignissimos nisi rem assumenda ea incidunt.','1998-06-02 01:32:58','2020-04-30 13:33:57','1'),(79,'Mr. Brennon Lockman Jr.','lia79','p',NULL,'f','2005-04-12 09:12:23',71,'nienow.net','Mollitia officiis blanditiis voluptas et sed. Debitis ducimus molestiae adipisci sit. Illum quibusdam asperiores corrupti sapiente temporibus consequuntur. Ipsam illo enim deleniti temporibus sit.','2000-11-24 22:09:02','2020-04-30 13:33:57',''),(80,'Mrs. Vincenza Moore','gborer','b',5,'m','1933-02-18 14:14:19',86,'stromanlueilwitz.com','Omnis distinctio sequi et vel eveniet. Saepe quae quod nihil eum blanditiis quasi. Non et aut animi dolore repudiandae rem sit illum.','2014-10-04 19:24:56','2020-04-29 15:19:01',''),(81,'Kiel Ward','mohammed34','p',NULL,'f','1979-07-17 04:58:25',97,'feest.com','Velit qui illo et ut. Velit soluta officiis deserunt ullam quas. Qui incidunt mollitia consequatur provident quidem recusandae est.','1992-11-27 22:41:18','2020-04-30 13:33:57','1'),(82,'Jules Eichmann Jr.','armando.parker','p',NULL,'f','1932-08-21 04:26:43',74,'maggio.org','Et rerum error molestiae perspiciatis quos ipsa est eos. Totam quia quos consequatur laudantium iure quisquam sed. Ad nisi fugiat quia quam corrupti.','2000-01-25 13:05:16','2020-04-30 13:33:57','1'),(83,'Gwen Osinski','ari24','b',3,'m','1926-05-19 06:12:53',77,'oberbrunnercartwright.com','Fuga eos quia et at facere. Labore illum eligendi tenetur doloribus. Sit eos doloribus hic et. Voluptatem commodi et quidem ratione molestias qui.','1992-02-21 03:05:41','2020-04-29 15:55:13','1'),(84,'Eloisa Mueller','mcdermott.itzel','b',6,'f','1995-02-05 10:11:46',59,'ryanjohnson.biz','Vel natus dolor laudantium officia quo nemo. Sequi quod et consequuntur exercitationem explicabo fugit quam hic. Repellat laborum occaecati dolor incidunt reiciendis.','2007-05-12 17:53:25','2020-04-29 15:19:01','1'),(85,'Candido Stokes','crist.ocie','p',NULL,'f','1947-08-30 18:02:59',25,'steuber.com','Delectus et necessitatibus ipsum et aspernatur dolorem consectetur. Omnis voluptates est est qui magni. Veniam modi odio voluptatem assumenda et. Aut veritatis ut eligendi eos.','2007-09-09 07:15:08','2020-04-30 13:33:57',''),(86,'Miss Irma Bruen III','pfannerstill.christa','b',3,'f','1925-05-23 21:05:17',64,'gerholdheaney.com','Exercitationem et quo omnis ut et architecto. Autem nesciunt odit dolor eaque. Debitis impedit nobis eligendi alias cum. Consectetur modi aut fugiat cupiditate recusandae sed fugit accusantium.','1994-06-25 10:55:00','2020-04-29 15:55:13','1'),(87,'Hannah Weissnat','dnitzsche','b',2,'f','1952-05-29 10:21:38',87,'kuphalleffler.com','Soluta omnis corrupti molestiae impedit numquam officia non. Est fugit debitis quia. Incidunt sed voluptatem adipisci.','1999-02-09 01:50:23','2020-04-29 15:55:13','1'),(88,'Nikko Conroy','sgrimes','b',5,'m','1925-10-26 20:43:45',38,'yostbednar.com','Maiores neque magni explicabo incidunt odio consequatur. Enim et eveniet et quasi rerum id repudiandae. Porro minima esse est quasi error minus nihil enim.','1990-12-09 11:43:19','2000-12-06 19:24:46',''),(89,'Patience Kihn','judy.little','p',NULL,'f','1986-02-20 18:51:57',45,'hermiston.com','Molestiae quasi ut voluptas sequi beatae. Et id magnam est consequatur dolores sit. Consequatur incidunt dicta quo.','2013-06-12 05:27:42','2020-04-30 13:33:57','1'),(90,'Daphne Swift','bernice51','p',NULL,'m','1921-09-05 02:26:12',8,'ryanhansen.net','Molestiae quod eligendi qui sint. Doloribus impedit qui accusamus adipisci corporis. Veniam quia velit consectetur ad.','1995-04-10 18:11:49','2020-04-30 13:33:57',''),(91,'Eleazar Pouros MD','kuhic.delphine','p',NULL,'f','1971-11-07 07:02:51',41,'swifthartmann.net','Earum nemo laudantium ut et temporibus reiciendis quia. Est et rerum sed ut. Ipsum voluptates rerum omnis blanditiis architecto quas et animi.','2003-11-04 13:48:38','2020-04-30 13:33:57',''),(92,'Kallie Klocko III','cyril37','b',1,'f','1922-09-19 00:51:56',61,'sporerhermann.com','Culpa nisi amet voluptas molestias nihil blanditiis corrupti. Fugiat vero voluptates modi ipsa beatae aspernatur dolore. Quas dolores qui eos velit ex quam.','2011-08-20 14:40:24','2020-04-29 15:55:13','1'),(93,'Prof. Giuseppe Senger','gusikowski.barry','b',6,'f','2010-06-15 06:29:37',77,'lueilwitzdaugherty.org','Doloribus at est ab ut doloribus. Omnis enim et in.\nAut dolor dolorem fuga commodi ut sint. Quo est ratione ipsum fugit iusto qui. Sapiente atque in dolor.','2002-11-12 11:33:57','2020-04-29 15:19:01',''),(94,'Hulda Torp','craig.strosin','p',NULL,'f','1973-07-15 18:21:49',80,'lindgren.biz','Quae natus optio odit vel. Eligendi aut explicabo ullam minus pariatur molestiae nihil. Et mollitia itaque sed iure ut.','2007-03-07 10:55:16','2020-04-30 13:33:57',''),(95,'Dr. Jewell Rogahn Jr.','ymccullough','b',3,'f','1964-07-13 15:01:24',72,'koepp.org','Voluptatum fugit sed aspernatur omnis ducimus est enim. Quos ut provident enim nihil. Velit consequatur nihil autem.','1992-06-17 00:08:21','2020-04-29 15:55:13','1'),(96,'Yolanda Senger','rosalyn22','p',NULL,'f','1936-02-25 23:49:33',75,'beahanjenkins.org','Natus maiores nostrum adipisci ea quae tempora magnam. Libero porro temporibus error ut atque. Suscipit aut dolores est voluptas. Iure quam quam blanditiis deleniti nisi amet.','2003-01-08 05:01:40','2020-04-30 13:33:57',''),(97,'Dr. Robert Macejkovic','tmayert','p',NULL,'m','1947-02-25 13:19:07',31,'pollichbechtelar.com','Deserunt ipsum et adipisci ut sunt reiciendis debitis est. Omnis ullam a quos minima soluta nam. Ducimus temporibus iure et. In officia molestiae beatae id doloremque ipsa.','2020-04-09 20:23:07','2020-04-30 13:33:57',''),(98,'Gilbert Olson','mayer.lourdes','p',NULL,'f','2018-12-26 12:09:57',67,'stokeslind.net','Et est fuga eaque ipsum nobis maxime. Autem asperiores cupiditate sed natus ipsa ut quisquam ut. Corrupti at quia iure eius ut sunt iusto.','2004-04-03 01:19:53','2020-04-30 13:33:57','1'),(99,'Christine Stamm','treutel.lorenzo','p',NULL,'f','1962-06-10 16:35:30',82,'sauer.com','Enim quaerat voluptas maxime dolores occaecati corrupti. Architecto consequuntur temporibus autem saepe quo sequi. A autem omnis ad aliquid laudantium architecto neque.','2016-03-30 20:52:22','2020-04-30 13:33:57',''),(100,'Osborne Homenick','ferry.lawrence','p',NULL,'f','1951-11-11 03:01:09',39,'kerluke.com','Dolor deserunt atque vero doloribus magnam odio. Sit nostrum qui est et aut. Eius vel est quasi voluptas voluptate blanditiis et. Labore enim commodi consequatur ut.','2003-12-16 10:02:16','2020-04-30 13:33:57','1'),(101,'Angelita Heller','elyse92','b',5,'m','1978-03-25 22:53:30',59,'dickigraham.org','Reiciendis officia consectetur aperiam asperiores sit ea. Beatae et vel commodi placeat. Incidunt deserunt voluptas dolores.','2010-05-25 10:24:58','2020-04-29 15:55:13',''),(102,'Roberta Littel PhD','caitlyn28','p',NULL,'m','1991-11-03 13:22:15',70,'toy.info','Sapiente quia voluptatum repellendus ea asperiores. Architecto error eius aliquid harum velit et porro voluptatum. Ab nam ex corrupti doloribus omnis et. Voluptas et nihil ducimus est ipsa qui.','2015-05-06 22:32:08','2020-04-30 13:33:57',''),(103,'Mrs. Jordane Greenholt III','samanta.hintz','b',3,'m','2017-06-23 19:12:17',55,'sauerkunde.com','Nihil aliquam consequatur error sunt ratione quam. In qui praesentium consectetur eos sint eum.','2000-12-14 08:37:27','2019-08-16 19:37:19','1'),(104,'Susie Hettinger','chloe78','p',NULL,'m','1939-03-05 02:31:28',4,'yost.biz','Asperiores voluptate consequatur velit. Alias corrupti accusamus aut nobis officia est rem. Libero officiis modi aut voluptates aperiam.','2002-06-12 11:16:38','2020-04-30 13:33:57',''),(105,'Xavier Senger','haskell38','b',3,'m','2016-01-10 22:35:47',10,'moore.biz','Eos quia corrupti eos. Incidunt laborum consequuntur quia voluptas corrupti. Deserunt qui velit illum vero eum est et impedit. Voluptates saepe distinctio et.','2004-07-22 12:48:31','2007-01-18 18:50:27',''),(106,'Ethyl Hagenes','pwatsica','p',NULL,'m','1942-09-12 06:26:48',73,'ullrichpollich.com','Molestiae eaque corporis quisquam sed impedit beatae. Quia at est voluptas a ipsum quam. Illum voluptatem quasi rem fugit repudiandae consequatur.','1998-01-31 00:24:19','2020-04-30 13:33:57','1'),(107,'Dr. Rasheed Kozey Sr.','micah.muller','b',2,'f','1999-07-05 19:19:51',74,'mcclurekuvalis.net','Nobis asperiores minima ipsum quia totam. Laboriosam neque et iure aut quia quia.\nQuasi quae ea laboriosam non doloribus. Sit facere quam sit placeat. Quo ipsa a accusamus rerum id aliquid saepe.','1994-05-29 00:08:30','2020-04-29 15:55:13','1'),(108,'Dr. Stella Swaniawski','oschmidt','p',NULL,'m','1977-05-08 11:29:50',69,'pfeffer.com','Sit temporibus error impedit amet commodi aut repellendus. Illum aut ipsum quia et voluptatem atque. Sint modi omnis soluta.','2005-12-28 05:58:06','2020-04-30 13:33:57','1'),(109,'Desiree Little','heather.donnelly','p',NULL,'m','1992-03-15 10:51:58',58,'vonruedenrath.com','Fugit non vero accusantium ab. Eius veritatis et sunt eius rem. Ducimus ut expedita aspernatur repudiandae quia corporis quas. Ea impedit iusto explicabo ea accusantium quia.','2003-04-29 03:12:22','2020-04-30 13:33:57','1'),(110,'Prof. Emelia Baumbach Sr.','lang.jonathan','p',NULL,'f','1926-03-30 21:51:51',43,'reichertmcglynn.com','Veniam occaecati sit adipisci id enim impedit. Vel voluptatem vero aspernatur ipsa.','2015-12-05 22:51:50','2020-04-30 13:33:57',''),(111,'Miss Jennie Kub','ulices.blanda','p',NULL,'f','1975-12-30 19:00:45',66,'blick.biz','Quia totam explicabo unde rerum vero. Sed assumenda incidunt quidem placeat enim veniam ad laborum.','1991-01-05 15:17:59','2020-04-30 13:33:57',''),(112,'Lisette Oberbrunner','elissa.renner','p',NULL,'m','1944-07-09 07:05:56',55,'zboncakernser.org','Blanditiis omnis autem dolores. Non qui voluptatem dolor ut quam architecto. Est reprehenderit quia asperiores.','1990-11-21 14:51:31','2020-04-30 13:33:57',''),(113,'Prof. Gerda Stamm','travis.o\'conner','p',NULL,'m','1967-04-06 02:27:07',9,'kemmerborer.com','Totam minus asperiores possimus amet. Repellendus eius possimus odio. Facere ipsum aut exercitationem aut est velit. Sed quia quo voluptatibus similique.','2019-02-26 16:43:12','2020-04-30 13:33:57','1'),(114,'Moshe Fay I','gbuckridge','p',NULL,'f','1969-09-23 20:35:53',53,'kerluke.com','Excepturi ea ad sapiente. Officiis error quidem aut illo. Dolorem magni rerum pariatur quo voluptas ut.','2017-11-20 02:23:15','2020-04-30 13:33:57','1'),(115,'Rebeka Medhurst','candice.bahringer','b',1,'f','2006-11-16 14:15:40',78,'sauer.biz','Fugiat expedita laboriosam fugiat sapiente sunt. Modi dolor accusamus rerum assumenda dignissimos culpa. Libero ut quasi aspernatur doloremque.','2014-10-19 07:28:29','2020-04-29 15:55:13','1'),(116,'Sage Sporer','ssmitham','b',2,'m','2004-01-31 09:50:35',26,'ankunding.biz','Aspernatur ipsa ratione et qui. Quisquam autem enim dolorum est et aut. Ipsam consequatur recusandae officia eligendi eum non esse vel.','2007-09-30 18:34:37','2020-04-29 15:55:13',''),(117,'Ruby Erdman Sr.','damian.ratke','b',5,'f','1999-03-16 17:06:22',69,'windler.com','Et voluptates aliquid magni repellendus voluptatum qui eveniet. Eligendi rem dolores facere sequi hic doloribus. Itaque molestiae et ut. Sapiente amet cupiditate eius aspernatur.','2004-12-13 17:05:29','2020-04-29 15:19:01',''),(118,'Carolina Ziemann Jr.','oleta.hirthe','b',7,'m','1938-05-01 17:47:45',95,'leannon.info','Omnis accusantium mollitia beatae ea nulla. Ea distinctio vel distinctio nesciunt. Laudantium non facilis qui animi.','2015-11-24 10:16:51','2020-04-29 15:19:01',''),(119,'Berenice Haley','brielle.abshire','p',NULL,'m','2004-11-25 13:36:29',94,'macejkovic.com','Natus doloribus et mollitia sequi harum non molestiae et. Quia cupiditate assumenda vel soluta. Non ducimus et quisquam dolor quo. Aut unde itaque cupiditate.','2019-12-13 06:38:00','2020-04-30 13:33:57','1'),(120,'Prof. Trycia Raynor DDS','wbeatty','p',NULL,'f','1999-11-06 09:37:54',90,'bauchlesch.info','Enim sit corporis ipsum at quo harum voluptatibus. Quo dolores velit quas est sint.','1995-06-27 14:21:21','2020-04-30 13:33:57',''),(121,'Brennan Moen','mosciski.jamie','p',NULL,'m','1925-07-11 19:36:49',34,'bauchkessler.com','Voluptatem sit et et aut. Ea vero id repudiandae vel nemo expedita. Porro quia qui sit recusandae cupiditate. Quam temporibus quia neque recusandae et. Excepturi velit voluptates adipisci.','2016-08-05 16:10:50','2020-04-30 13:33:57','1'),(122,'Dr. Beau Kreiger','breitenberg.larry','p',NULL,'f','2020-02-14 02:16:08',88,'torphyspinka.com','Dolorem et voluptas nostrum at porro sed autem. Ducimus ipsam omnis mollitia illum. Ea quasi qui laboriosam dolores consequatur. Eius nostrum ipsum perspiciatis consequatur nisi.','2001-03-08 07:24:09','2020-04-30 13:33:57','1'),(123,'Prof. Narciso Quigley DDS','little.adela','b',3,'f','2008-05-17 17:04:14',21,'baumbach.info','Suscipit beatae sunt tempora quam. Modi sint iusto unde dolor doloremque. Ab nisi sed earum non et eaque. Voluptatem nulla dolorum repudiandae quo.','2013-02-11 12:06:37','2013-09-17 06:44:22',''),(124,'Prof. Krystel Kunze','kwolf','p',NULL,'f','1954-10-31 01:55:00',98,'denesikjohns.com','Tempora voluptas et libero est autem. Laborum voluptatum est rerum quam magnam repellendus. Libero facilis delectus itaque est.','2012-06-27 10:40:29','2020-04-30 13:33:57','1'),(125,'Miss Kiara Bechtelar DVM','cartwright.jessika','b',4,'f','1984-05-15 07:50:07',21,'kulas.org','Vitae atque necessitatibus eveniet ut id in. Omnis voluptatum ducimus et doloremque deleniti et. Fugit nihil sequi est sit architecto dignissimos iusto temporibus.','2016-07-26 04:44:22','2020-04-29 15:19:01',''),(126,'Mallory Kuhn','bfeeney','p',NULL,'f','1962-08-12 00:26:53',69,'smitham.com','Assumenda necessitatibus quasi enim ad explicabo voluptate consequatur. Officia omnis corrupti repellendus velit illum et. Et aut ea dolorem.','1998-10-07 04:48:57','2020-04-30 13:33:57',''),(127,'Lucinda Boehm','willow.conn','b',6,'f','1960-08-25 16:08:12',30,'pollich.com','Consequatur aliquam cumque sed sint voluptatem ea nihil. Maiores iusto quia asperiores quisquam sint tempora. Ut voluptatem autem doloremque enim aut fugiat iusto sed. Veniam non sequi quasi et.','2003-10-28 05:48:09','2020-04-29 15:19:01',''),(128,'Rhoda Jacobson','beahan.dasia','b',7,'m','1991-05-23 06:14:45',15,'ritchie.com','Exercitationem sint enim sapiente a expedita odit optio. Voluptatem ut voluptates qui quidem inventore accusamus.','2017-05-29 09:53:11','2020-04-29 15:19:01','1'),(129,'Dr. Derrick Nolan','cathy30','p',NULL,'m','2004-10-28 05:01:56',77,'douglasokeefe.com','Aperiam voluptatem quam repellat numquam. Totam quae omnis et accusantium eaque est libero. Quisquam reprehenderit sint ut omnis. Fuga illum quis deleniti eos ea.','2007-09-03 15:41:13','2020-04-30 13:33:57',''),(130,'Estell Hagenes','daniel.abelardo','b',3,'f','2008-11-25 14:07:22',43,'frami.org','Nam laudantium in deleniti quidem et nostrum. Numquam fugiat ut aut expedita. Nam sit laborum est eaque vitae. Fugiat sunt rerum modi voluptatum et.','2008-08-30 09:19:51','2020-04-29 15:19:01','1'),(131,'Casimer McGlynn','botsford.andrew','b',1,'m','1959-08-18 16:36:36',72,'pouros.com','Debitis voluptatem enim quis odit quia. Quaerat reprehenderit animi voluptas totam soluta numquam velit. Harum quis labore minus rem eius.','2011-08-23 15:54:06','2020-04-29 15:19:01','1'),(132,'Savanah Pfannerstill','bruen.malinda','p',NULL,'f','1955-09-07 12:11:30',61,'wehner.net','Qui illo alias voluptatibus nulla ullam iusto. Voluptatem eos et quis rerum at magni ut. Ut ut et inventore laborum aut aut officia. Modi dolorem eveniet iure blanditiis.','2006-09-28 03:57:12','2020-04-30 13:33:57',''),(133,'Henriette Greenfelder','ylubowitz','p',NULL,'f','2008-01-25 21:06:36',42,'morissette.net','Voluptates nihil veniam cum nihil. Itaque doloremque fuga sit nemo esse. Voluptate autem eveniet nam magnam. Laudantium modi dignissimos impedit qui.','2007-02-21 07:34:26','2020-04-30 13:33:57','1'),(134,'Alexanne Goyette Jr.','cronin.damion','p',NULL,'m','1972-07-19 04:03:49',10,'kingstrosin.com','Voluptatibus omnis reprehenderit ipsa rerum numquam occaecati delectus. Iusto nulla voluptas qui animi iste sunt. Aut quo reprehenderit alias sit. Sit dicta dolor saepe qui ex delectus.','1992-02-25 14:12:08','2020-04-30 13:33:57',''),(135,'Macey Fritsch','willms.isadore','p',NULL,'m','1976-11-26 02:25:36',5,'sporer.com','Esse deserunt quia corporis illum. Sunt deleniti tenetur enim minima rerum. Cupiditate quo delectus architecto libero eligendi rerum ut. Odit itaque molestiae enim suscipit consectetur.','2014-07-04 10:10:23','2020-04-30 13:33:57','1'),(136,'Toby Schmidt','brekke.travis','b',3,'f','1961-02-10 08:26:10',31,'schillerlarkin.com','Aperiam iste aut cupiditate et veritatis eum ipsa. Sunt fugiat deleniti voluptatem possimus et sed repudiandae. Quis voluptatum eius nihil. Id soluta sit atque rem dolor amet quaerat natus.','2005-01-16 23:35:18','2005-06-19 14:05:15','1'),(137,'Mrs. May Schamberger','bartoletti.leonard','b',4,'m','2004-03-23 21:13:39',44,'lind.com','Ut soluta in et et voluptatibus dolore quia. Incidunt et repudiandae numquam eveniet quibusdam. Quis et sit eligendi et eveniet. Id accusamus autem rerum sed.','2015-07-14 09:33:22','2020-04-29 15:19:01','1'),(138,'Guido Zieme','retha34','p',NULL,'m','2012-09-11 09:39:53',74,'heathcoteziemann.biz','Error enim consequatur voluptas est. Aut optio ea ducimus necessitatibus iure. Voluptate eligendi iusto est quo et fugit.','2009-02-06 14:01:08','2020-04-30 13:33:57',''),(139,'Ms. Clementine Runte','jason.tillman','p',NULL,'f','1960-01-13 07:04:36',38,'effertz.com','Perspiciatis voluptates illum quia dolorem aut mollitia dolorem. Autem labore earum blanditiis animi.','2005-05-17 14:00:41','2020-04-30 13:33:57','1'),(140,'Therese Morissette','annabell.mueller','p',NULL,'m','1968-05-02 08:35:40',80,'hyattbeer.biz','Dignissimos magni harum voluptas magni. Reprehenderit perspiciatis occaecati rerum rerum ut quis architecto ducimus. Nam labore sint quia non. Qui velit ut voluptate.','1998-02-28 05:05:48','2020-04-30 13:33:57','1'),(141,'Mr. Clovis Mueller Jr.','bartoletti.moises','b',7,'m','1992-11-23 04:42:27',92,'kilback.com','Dolorem minus voluptate laboriosam commodi sit et. Sit quod repellat tempora qui iusto iusto placeat. Est inventore culpa vel repellat voluptatem assumenda et ea. Doloremque et perspiciatis sunt.','1994-11-22 23:42:38','2020-04-29 15:19:01',''),(142,'Celine Johnson','runte.darrion','p',NULL,'m','1944-11-19 08:18:21',63,'tillmanokon.biz','Sit qui ipsam distinctio aut sed. Tenetur voluptatem ad aspernatur enim. Repellendus iste odio ut quam doloremque impedit.','2003-11-10 12:33:52','2020-04-30 13:33:57',''),(143,'Dr. Carmine D\'Amore','ila08','b',7,'f','1998-02-13 06:06:38',68,'bechtelar.net','Soluta deserunt corporis sed id ullam est. Ut sint ipsum dolorum qui cupiditate. Earum ut hic quis unde tempora. Nobis dolores tempora autem quis omnis.','2016-11-16 10:01:48','2017-11-19 15:14:47',''),(144,'Roman Lindgren','hbashirian','b',2,'f','1922-01-12 00:00:03',17,'maggio.com','Eos non non eum a. Accusantium deserunt vitae tempora voluptas ut et. Aperiam voluptates est ut quod natus. Illum quos dolores ratione est doloremque molestiae dignissimos.','1992-11-28 06:55:06','2001-07-18 21:17:42',''),(145,'Oleta Little','wilton46','p',NULL,'m','1940-12-25 21:18:42',40,'mayertkunze.com','Aut ad quos dolorem ut voluptas et nostrum et. Ut itaque aut tempore voluptates dolorem est pariatur.','2005-12-24 12:02:26','2020-04-30 13:33:57','1'),(146,'Macie Harvey DDS','geovany46','p',NULL,'m','2018-05-16 15:35:41',85,'rowe.com','Vitae qui numquam molestiae quia omnis esse itaque. Magni minima neque quidem nostrum quos vel deleniti hic.','2005-10-31 12:18:20','2020-04-30 13:33:57','1'),(147,'Teresa Abshire','zane75','p',NULL,'f','1992-12-01 02:51:17',93,'bednarkoch.com','Explicabo earum occaecati qui odit. Iure nihil quae exercitationem cumque rerum. Nesciunt officia nulla iure repellat rem impedit. Ex ratione veritatis iure vitae unde.','1994-05-11 23:15:45','2020-04-30 13:33:57',''),(148,'Lou Erdman','sterling27','b',7,'m','1923-04-25 05:29:37',67,'halvorson.com','Ut perferendis autem occaecati aut debitis fugiat. Aperiam et tenetur maiores quos sunt ipsum. Sint autem natus maxime. Eligendi ducimus at illo aspernatur nisi et.','2002-03-06 01:04:29','2003-02-26 04:46:26',''),(149,'Mrs. Arielle Berge','usatterfield','p',NULL,'m','1956-08-01 23:31:26',94,'hamill.info','Aut aperiam sit illo et qui doloremque doloremque. Quibusdam officiis cum et rem id. Ut corrupti voluptas debitis rem eum sapiente.','1990-10-29 01:53:16','2020-04-30 13:33:57','1'),(150,'Dr. Kenton Hickle DDS','tromp.ida','p',NULL,'m','2004-04-16 18:31:16',74,'gutkowski.com','Quia quia perspiciatis et consequatur sed. Reprehenderit maxime minus eum voluptatem. Dignissimos quis architecto soluta eligendi officiis. Id animi autem dolore non nostrum nobis asperiores.','1997-03-09 10:50:54','2020-04-30 13:33:57','1');
/*!40000 ALTER TABLE `users_accounts` ENABLE KEYS */;
UNLOCK TABLES;
/*!50003 SET @saved_cs_client      = @@character_set_client */ ;
/*!50003 SET @saved_cs_results     = @@character_set_results */ ;
/*!50003 SET @saved_col_connection = @@collation_connection */ ;
/*!50003 SET character_set_client  = utf8mb4 */ ;
/*!50003 SET character_set_results = utf8mb4 */ ;
/*!50003 SET collation_connection  = utf8mb4_0900_ai_ci */ ;
/*!50003 SET @saved_sql_mode       = @@sql_mode */ ;
/*!50003 SET sql_mode              = 'ONLY_FULL_GROUP_BY,STRICT_TRANS_TABLES,NO_ZERO_IN_DATE,NO_ZERO_DATE,ERROR_FOR_DIVISION_BY_ZERO,NO_ENGINE_SUBSTITUTION' */ ;
DELIMITER ;;
/*!50003 CREATE*/ /*!50017 DEFINER=`root`@`localhost`*/ /*!50003 TRIGGER `validate_buisness_account_type_insert` BEFORE INSERT ON `users_accounts` FOR EACH ROW BEGIN
  IF NEW.account_type_id = 'b' AND NEW.buisness_account_id IS NULL THEN
    SIGNAL SQLSTATE '45000'
    SET MESSAGE_TEXT = 'businnes_account_id cannot be NULL';
  END IF;
END */;;
DELIMITER ;
/*!50003 SET sql_mode              = @saved_sql_mode */ ;
/*!50003 SET character_set_client  = @saved_cs_client */ ;
/*!50003 SET character_set_results = @saved_cs_results */ ;
/*!50003 SET collation_connection  = @saved_col_connection */ ;

--
-- Final view structure for view `buisness_accs`
--

/*!50001 DROP VIEW IF EXISTS `buisness_accs`*/;
/*!50001 SET @saved_cs_client          = @@character_set_client */;
/*!50001 SET @saved_cs_results         = @@character_set_results */;
/*!50001 SET @saved_col_connection     = @@collation_connection */;
/*!50001 SET character_set_client      = utf8mb4 */;
/*!50001 SET character_set_results     = utf8mb4 */;
/*!50001 SET collation_connection      = utf8mb4_0900_ai_ci */;
/*!50001 CREATE ALGORITHM=UNDEFINED */
/*!50013 DEFINER=`root`@`localhost` SQL SECURITY DEFINER */
/*!50001 VIEW `buisness_accs` (`nickname`,`buisness_acc_type`,`gender`,`birthday`,`about_user`) AS select `users_accounts`.`nickname` AS `nickname`,`users_accounts`.`buisness_account_id` AS `buisness_account_id`,`users_accounts`.`gender` AS `gender`,`users_accounts`.`birthday` AS `birthday`,`users_accounts`.`about_user` AS `about_user` from `users_accounts` where (`users_accounts`.`account_type_id` = 'b') */
/*!50002 WITH CASCADED CHECK OPTION */;
/*!50001 SET character_set_client      = @saved_cs_client */;
/*!50001 SET character_set_results     = @saved_cs_results */;
/*!50001 SET collation_connection      = @saved_col_connection */;

--
-- Final view structure for view `personal_accs`
--

/*!50001 DROP VIEW IF EXISTS `personal_accs`*/;
/*!50001 SET @saved_cs_client          = @@character_set_client */;
/*!50001 SET @saved_cs_results         = @@character_set_results */;
/*!50001 SET @saved_col_connection     = @@collation_connection */;
/*!50001 SET character_set_client      = utf8mb4 */;
/*!50001 SET character_set_results     = utf8mb4 */;
/*!50001 SET collation_connection      = utf8mb4_0900_ai_ci */;
/*!50001 CREATE ALGORITHM=UNDEFINED */
/*!50013 DEFINER=`root`@`localhost` SQL SECURITY DEFINER */
/*!50001 VIEW `personal_accs` (`nickname`,`gender`,`birthday`,`about_user`) AS select `users_accounts`.`nickname` AS `nickname`,`users_accounts`.`gender` AS `gender`,`users_accounts`.`birthday` AS `birthday`,`users_accounts`.`about_user` AS `about_user` from `users_accounts` where (`users_accounts`.`account_type_id` = 'p') */
/*!50002 WITH CASCADED CHECK OPTION */;
/*!50001 SET character_set_client      = @saved_cs_client */;
/*!50001 SET character_set_results     = @saved_cs_results */;
/*!50001 SET collation_connection      = @saved_col_connection */;

--
-- Final view structure for view `stories`
--

/*!50001 DROP VIEW IF EXISTS `stories`*/;
/*!50001 SET @saved_cs_client          = @@character_set_client */;
/*!50001 SET @saved_cs_results         = @@character_set_results */;
/*!50001 SET @saved_col_connection     = @@collation_connection */;
/*!50001 SET character_set_client      = utf8mb4 */;
/*!50001 SET character_set_results     = utf8mb4 */;
/*!50001 SET collation_connection      = utf8mb4_0900_ai_ci */;
/*!50001 CREATE ALGORITHM=UNDEFINED */
/*!50013 DEFINER=`root`@`localhost` SQL SECURITY DEFINER */
/*!50001 VIEW `stories` (`id`,`album`,`metadata`) AS select `media`.`id` AS `id`,`media`.`album_id` AS `album_id`,`media`.`metadata` AS `metadata` from `media` where (`media`.`media_type_id` = 2) */
/*!50002 WITH CASCADED CHECK OPTION */;
/*!50001 SET character_set_client      = @saved_cs_client */;
/*!50001 SET character_set_results     = @saved_cs_results */;
/*!50001 SET collation_connection      = @saved_col_connection */;
/*!40103 SET TIME_ZONE=@OLD_TIME_ZONE */;

/*!40101 SET SQL_MODE=@OLD_SQL_MODE */;
/*!40014 SET FOREIGN_KEY_CHECKS=@OLD_FOREIGN_KEY_CHECKS */;
/*!40014 SET UNIQUE_CHECKS=@OLD_UNIQUE_CHECKS */;
/*!40101 SET CHARACTER_SET_CLIENT=@OLD_CHARACTER_SET_CLIENT */;
/*!40101 SET CHARACTER_SET_RESULTS=@OLD_CHARACTER_SET_RESULTS */;
/*!40101 SET COLLATION_CONNECTION=@OLD_COLLATION_CONNECTION */;
/*!40111 SET SQL_NOTES=@OLD_SQL_NOTES */;

-- Dump completed on 2020-05-01 14:42:19
