-- MySQL dump 10.13  Distrib 8.0.19, for Linux (x86_64)
--
-- Host: localhost    Database: vk
-- ------------------------------------------------------
-- Server version	8.0.19

/*!40101 SET @OLD_CHARACTER_SET_CLIENT=@@CHARACTER_SET_CLIENT */;
/*!40101 SET @OLD_CHARACTER_SET_RESULTS=@@CHARACTER_SET_RESULTS */;
/*!40101 SET @OLD_COLLATION_CONNECTION=@@COLLATION_CONNECTION */;
/*!50503 SET NAMES utf8mb4 */;
/*!40103 SET @OLD_TIME_ZONE=@@TIME_ZONE */;
/*!40103 SET TIME_ZONE='+00:00' */;
/*!40014 SET @OLD_UNIQUE_CHECKS=@@UNIQUE_CHECKS, UNIQUE_CHECKS=0 */;
/*!40014 SET @OLD_FOREIGN_KEY_CHECKS=@@FOREIGN_KEY_CHECKS, FOREIGN_KEY_CHECKS=0 */;
/*!40101 SET @OLD_SQL_MODE=@@SQL_MODE, SQL_MODE='NO_AUTO_VALUE_ON_ZERO' */;
/*!40111 SET @OLD_SQL_NOTES=@@SQL_NOTES, SQL_NOTES=0 */;

--
-- Table structure for table `communities`
--

DROP TABLE IF EXISTS `communities`;
/*!40101 SET @saved_cs_client     = @@character_set_client */;
/*!50503 SET character_set_client = utf8mb4 */;
CREATE TABLE `communities` (
  `id` int unsigned NOT NULL AUTO_INCREMENT,
  `name` varchar(150) CHARACTER SET utf8 COLLATE utf8_unicode_ci NOT NULL,
  PRIMARY KEY (`id`),
  UNIQUE KEY `name` (`name`)
) ENGINE=InnoDB AUTO_INCREMENT=101 DEFAULT CHARSET=utf8 COLLATE=utf8_unicode_ci;
/*!40101 SET character_set_client = @saved_cs_client */;

--
-- Dumping data for table `communities`
--

LOCK TABLES `communities` WRITE;
/*!40000 ALTER TABLE `communities` DISABLE KEYS */;
INSERT INTO `communities` VALUES (12,'armstrong'),(17,'auerschiller'),(11,'carterdenesik'),(2,'collier'),(14,'ernserdonnelly'),(1,'gleichneraufderhar'),(5,'hillsjenkins'),(13,'jacobi'),(8,'kulas'),(19,'mertz'),(10,'ortizmueller'),(20,'renner'),(9,'stark'),(3,'stroman'),(15,'tillman'),(7,'turnerblock'),(4,'witting'),(6,'wolf'),(16,'wunsch'),(18,'zboncakreichert');
/*!40000 ALTER TABLE `communities` ENABLE KEYS */;
UNLOCK TABLES;

--
-- Table structure for table `communities_users`
--

DROP TABLE IF EXISTS `communities_users`;
/*!40101 SET @saved_cs_client     = @@character_set_client */;
/*!50503 SET character_set_client = utf8mb4 */;
CREATE TABLE `communities_users` (
  `community_id` int unsigned NOT NULL,
  `user_id` int unsigned NOT NULL,
  PRIMARY KEY (`community_id`,`user_id`)
) ENGINE=InnoDB DEFAULT CHARSET=utf8 COLLATE=utf8_unicode_ci;
/*!40101 SET character_set_client = @saved_cs_client */;

--
-- Dumping data for table `communities_users`
--

LOCK TABLES `communities_users` WRITE;
/*!40000 ALTER TABLE `communities_users` DISABLE KEYS */;
INSERT INTO `communities_users` VALUES (1,16),(1,49),(1,54),(1,59),(1,67),(1,70),(1,97),(2,8),(2,39),(2,50),(2,53),(2,55),(2,71),(2,78),(3,43),(3,46),(3,56),(3,58),(3,66),(3,86),(3,91),(4,15),(4,30),(4,32),(4,61),(4,75),(4,76),(5,5),(5,6),(5,38),(5,87),(5,92),(6,62),(7,14),(7,37),(7,51),(7,72),(7,77),(7,81),(7,84),(7,89),(8,22),(8,23),(8,29),(8,48),(8,100),(9,52),(9,79),(10,44),(11,3),(11,11),(11,17),(11,27),(11,34),(11,57),(11,73),(11,74),(11,94),(11,99),(12,7),(12,10),(12,25),(12,28),(12,65),(12,88),(13,1),(13,20),(13,26),(13,33),(13,83),(13,93),(14,18),(14,69),(14,95),(15,19),(15,24),(15,31),(15,42),(15,98),(16,9),(16,13),(16,36),(16,68),(17,21),(17,40),(17,41),(17,85),(17,90),(17,96),(18,2),(18,12),(18,35),(18,60),(18,64),(19,45),(19,80),(19,82),(20,4),(20,47),(20,63);
/*!40000 ALTER TABLE `communities_users` ENABLE KEYS */;
UNLOCK TABLES;

--
-- Table structure for table `friendship`
--

DROP TABLE IF EXISTS `friendship`;
/*!40101 SET @saved_cs_client     = @@character_set_client */;
/*!50503 SET character_set_client = utf8mb4 */;
CREATE TABLE `friendship` (
  `user_id` int unsigned NOT NULL,
  `friend_id` int unsigned NOT NULL,
  `status_id` int unsigned NOT NULL,
  `requsted_at` datetime DEFAULT CURRENT_TIMESTAMP,
  `confirmed_at` datetime DEFAULT NULL,
  PRIMARY KEY (`user_id`,`friend_id`)
) ENGINE=InnoDB DEFAULT CHARSET=utf8 COLLATE=utf8_unicode_ci;
/*!40101 SET character_set_client = @saved_cs_client */;

--
-- Dumping data for table `friendship`
--

LOCK TABLES `friendship` WRITE;
/*!40000 ALTER TABLE `friendship` DISABLE KEYS */;
INSERT INTO `friendship` VALUES (1,48,1,'2019-10-18 11:00:18','2019-01-01 20:08:25'),(2,29,2,'2010-10-08 04:32:45','2014-06-29 11:31:28'),(3,31,3,'2011-10-14 10:40:28','2019-05-28 01:23:44'),(4,53,1,'2014-04-04 23:30:24','2018-02-22 17:37:44'),(5,12,2,'2019-03-31 15:23:16','2014-06-09 00:04:36'),(6,62,3,'2016-07-12 05:03:31','2014-09-13 16:47:20'),(7,46,1,'2011-03-20 07:05:59','2016-04-10 13:22:33'),(8,17,2,'2013-08-16 19:50:18','2017-08-05 20:19:52'),(9,97,3,'2013-04-28 00:00:46','2013-08-10 18:01:53'),(10,90,1,'2012-01-23 21:41:27','2013-04-14 23:17:40'),(11,38,2,'2011-09-25 07:38:58','2012-02-08 10:18:22'),(12,50,3,'2016-06-28 07:02:08','2018-06-06 20:53:28'),(13,34,1,'2016-06-06 01:20:33','2013-11-11 17:56:01'),(14,93,2,'2016-02-15 20:57:01','2016-01-18 12:31:01'),(15,55,3,'2011-05-18 07:00:02','2013-08-09 02:45:45'),(16,51,1,'2014-09-10 13:28:47','2010-07-29 08:51:32'),(17,72,2,'2010-12-24 09:23:15','2019-01-26 14:23:30'),(18,27,3,'2011-03-16 04:57:23','2014-07-06 22:25:58'),(19,11,1,'2016-02-07 04:58:52','2013-12-28 22:37:41'),(20,15,2,'2015-08-07 22:30:20','2014-10-10 15:23:14'),(21,47,3,'2012-10-29 06:24:50','2019-09-21 04:25:22'),(22,26,1,'2013-01-10 23:13:38','2017-08-29 15:29:35'),(23,25,2,'2015-04-30 17:38:54','2020-02-25 16:17:34'),(24,39,3,'2019-06-02 03:25:39','2016-06-17 02:56:25'),(25,94,1,'2017-11-17 05:08:15','2017-04-22 19:42:26'),(26,4,2,'2010-09-12 13:15:28','2014-03-03 04:43:51'),(27,9,3,'2016-05-21 08:31:55','2010-12-31 09:00:17'),(28,2,1,'2020-03-22 10:16:48','2013-06-21 12:15:12'),(29,14,2,'2018-08-22 10:38:43','2015-09-17 00:32:50'),(30,44,3,'2018-10-24 19:08:54','2012-11-10 09:57:18'),(31,58,1,'2012-05-28 21:55:59','2015-08-06 15:12:18'),(32,22,2,'2011-02-04 18:28:20','2012-04-09 01:58:36'),(33,81,3,'2013-06-06 19:32:09','2018-09-13 22:55:50'),(34,67,1,'2014-07-15 14:37:11','2016-10-12 09:32:48'),(35,13,2,'2015-01-14 19:33:03','2011-11-15 15:56:49'),(36,41,3,'2012-02-15 18:43:37','2016-06-17 21:20:41'),(37,68,1,'2012-11-06 18:19:17','2017-04-07 10:18:29'),(38,84,2,'2015-07-23 21:08:48','2013-05-05 06:44:37'),(39,75,3,'2016-01-23 13:53:59','2015-01-23 17:13:40'),(40,88,1,'2011-04-26 08:02:28','2010-12-02 16:37:58'),(41,66,2,'2012-08-16 02:19:38','2014-08-02 11:25:25'),(42,56,3,'2014-03-30 11:36:27','2014-10-28 22:32:06'),(43,42,1,'2013-04-17 19:02:42','2013-05-04 22:36:38'),(44,30,2,'2011-12-22 02:50:05','2018-08-06 05:19:04'),(45,35,3,'2012-07-31 15:52:41','2020-03-10 06:43:22'),(46,70,1,'2011-03-26 18:39:09','2011-11-22 17:44:08'),(47,99,2,'2019-07-29 18:07:26','2015-09-25 05:47:56'),(48,37,3,'2017-07-12 06:12:46','2017-03-21 07:00:17'),(49,23,1,'2020-01-13 00:22:39','2015-08-26 17:44:04'),(50,76,2,'2016-11-04 14:34:24','2017-09-15 21:14:41'),(51,49,3,'2011-10-20 03:36:05','2016-09-28 20:12:38'),(52,20,1,'2014-08-19 00:52:55','2019-02-13 00:13:19'),(53,3,2,'2016-03-14 09:53:12','2020-01-26 12:01:52'),(54,7,3,'2013-03-27 06:18:33','2016-10-02 04:11:36'),(55,86,1,'2016-12-08 07:27:04','2018-07-23 21:26:01'),(56,83,2,'2012-11-26 23:19:07','2014-06-22 05:47:54'),(57,100,3,'2013-11-23 18:31:54','2013-10-25 03:52:19'),(58,79,1,'2011-05-12 22:47:10','2011-12-18 06:27:00'),(59,57,2,'2013-04-23 01:49:38','2017-05-18 09:13:46'),(60,82,3,'2016-05-28 07:37:37','2020-01-11 21:58:04'),(61,33,1,'2013-04-13 14:44:07','2011-09-16 14:47:10'),(62,78,2,'2018-11-07 06:26:14','2017-02-28 16:30:15'),(63,16,3,'2013-06-12 18:54:19','2015-03-03 21:56:46'),(64,73,1,'2015-04-14 12:57:38','2019-10-25 16:36:38'),(65,24,2,'2012-07-05 15:58:30','2017-11-25 06:49:09'),(66,32,3,'2014-10-18 09:56:00','2015-03-09 19:59:45'),(67,19,1,'2013-06-16 20:09:51','2010-06-30 18:59:55'),(68,59,2,'2013-12-11 12:07:05','2016-04-09 23:51:22'),(69,74,3,'2015-10-04 07:50:31','2019-02-06 15:19:25'),(70,69,1,'2014-01-26 05:06:07','2015-03-18 13:19:15'),(71,87,2,'2018-11-13 21:54:56','2017-01-08 04:18:57'),(72,43,3,'2016-01-28 17:01:49','2011-09-12 18:20:52'),(73,45,1,'2019-12-18 15:02:52','2016-01-27 03:34:43'),(74,91,2,'2019-07-19 16:59:51','2010-08-10 12:38:04'),(75,92,3,'2015-06-19 00:38:14','2016-01-19 23:40:08'),(76,98,1,'2019-12-20 18:52:14','2016-07-30 13:58:12'),(77,54,2,'2017-09-20 10:32:57','2010-07-30 02:31:11'),(78,96,3,'2015-01-23 07:34:10','2017-10-27 16:36:22'),(79,5,1,'2015-05-17 15:27:58','2015-07-17 19:49:26'),(80,64,2,'2018-10-06 16:49:00','2013-04-04 08:44:05'),(81,85,3,'2013-06-07 02:15:32','2018-11-18 19:29:16'),(82,71,1,'2013-09-06 16:52:10','2016-07-21 19:32:46'),(83,52,2,'2010-07-12 14:11:59','2015-07-12 09:24:32'),(84,65,3,'2013-10-29 09:52:01','2018-03-14 15:55:39'),(85,40,1,'2010-07-31 20:08:34','2016-08-15 09:45:06'),(86,89,2,'2013-11-20 22:41:26','2019-06-26 21:47:42'),(87,36,3,'2013-06-16 01:58:52','2011-01-22 18:37:55'),(88,21,1,'2017-10-25 08:56:21','2017-10-10 13:47:40'),(89,77,2,'2011-02-25 07:20:44','2017-07-23 15:30:08'),(90,60,3,'2017-05-21 20:53:32','2015-10-24 16:49:26'),(91,28,1,'2018-01-01 01:01:29','2015-03-31 11:19:02'),(92,18,2,'2013-07-31 16:22:16','2014-05-27 03:35:26'),(93,80,3,'2013-06-01 10:53:13','2016-10-02 10:57:02'),(94,1,1,'2015-03-06 01:57:58','2019-11-23 06:37:49'),(95,10,2,'2011-02-23 08:10:04','2010-09-20 00:42:47'),(96,63,3,'2018-05-05 22:49:45','2016-12-11 22:31:07'),(97,61,1,'2019-10-25 12:31:36','2019-12-02 23:57:48'),(98,6,2,'2017-09-11 03:35:14','2011-07-03 23:03:04'),(99,95,3,'2013-07-07 14:20:13','2010-07-29 17:06:55'),(100,8,1,'2012-08-07 19:08:19','2014-06-18 07:38:20');
/*!40000 ALTER TABLE `friendship` ENABLE KEYS */;
UNLOCK TABLES;

--
-- Table structure for table `friendship_statuses`
--

DROP TABLE IF EXISTS `friendship_statuses`;
/*!40101 SET @saved_cs_client     = @@character_set_client */;
/*!50503 SET character_set_client = utf8mb4 */;
CREATE TABLE `friendship_statuses` (
  `id` int unsigned NOT NULL AUTO_INCREMENT,
  `name` varchar(150) CHARACTER SET utf8 COLLATE utf8_unicode_ci NOT NULL,
  PRIMARY KEY (`id`),
  UNIQUE KEY `name` (`name`)
) ENGINE=InnoDB AUTO_INCREMENT=4 DEFAULT CHARSET=utf8 COLLATE=utf8_unicode_ci;
/*!40101 SET character_set_client = @saved_cs_client */;

--
-- Dumping data for table `friendship_statuses`
--

LOCK TABLES `friendship_statuses` WRITE;
/*!40000 ALTER TABLE `friendship_statuses` DISABLE KEYS */;
INSERT INTO `friendship_statuses` VALUES (3,' Accepted'),(2,' Declined'),(1,'Waiting for confirmation');
/*!40000 ALTER TABLE `friendship_statuses` ENABLE KEYS */;
UNLOCK TABLES;

--
-- Table structure for table `media`
--

DROP TABLE IF EXISTS `media`;
/*!40101 SET @saved_cs_client     = @@character_set_client */;
/*!50503 SET character_set_client = utf8mb4 */;
CREATE TABLE `media` (
  `id` int unsigned NOT NULL AUTO_INCREMENT,
  `media_type_id` int unsigned NOT NULL,
  `user_id` int unsigned NOT NULL,
  `file_path` varchar(255) CHARACTER SET utf8 COLLATE utf8_unicode_ci NOT NULL,
  `size` int NOT NULL,
  `metadata` json DEFAULT NULL,
  `created_at` datetime DEFAULT CURRENT_TIMESTAMP,
  `updated_at` datetime DEFAULT CURRENT_TIMESTAMP ON UPDATE CURRENT_TIMESTAMP,
  PRIMARY KEY (`id`)
) ENGINE=InnoDB AUTO_INCREMENT=101 DEFAULT CHARSET=utf8 COLLATE=utf8_unicode_ci;
/*!40101 SET character_set_client = @saved_cs_client */;

--
-- Dumping data for table `media`
--

LOCK TABLES `media` WRITE;
/*!40000 ALTER TABLE `media` DISABLE KEYS */;
INSERT INTO `media` VALUES (1,1,1,'https://dropbox/vk/file_9742',889820,'{\"owner\": \"Albin Walter\"}','1928-12-26 19:01:01','2020-04-01 13:43:22'),(2,2,2,'https://dropbox/vk/file_8525',313024,'{\"owner\": \"Carol Kutch\"}','2010-07-08 02:28:41','2020-04-01 13:43:22'),(3,3,3,'https://dropbox/vk/file_3399',36564,'{\"owner\": \"Hayden Will\"}','1945-04-06 22:31:28','2020-04-01 13:43:22'),(4,1,4,'https://dropbox/vk/file_1420',277198,'{\"owner\": \"Sandra Powlowski\"}','1975-06-13 11:05:38','2020-04-01 13:43:22'),(5,2,5,'https://dropbox/vk/file_6902',688778,'{\"owner\": \"Ron Harris\"}','1992-08-11 19:11:00','2020-04-01 13:43:22'),(6,3,6,'https://dropbox/vk/file_250',706528,'{\"owner\": \"Bernadine Gleichner\"}','1939-12-27 21:03:43','2020-04-01 13:43:22'),(7,1,7,'https://dropbox/vk/file_544',78922,'{\"owner\": \"Coby Wolf\"}','2017-08-05 16:11:11','2020-04-01 13:43:22'),(8,2,8,'https://dropbox/vk/file_1971',691047,'{\"owner\": \"Jaquelin Robel\"}','1986-02-16 11:55:00','2020-04-01 13:43:22'),(9,3,9,'https://dropbox/vk/file_8219',53999,'{\"owner\": \"Maiya Ratke\"}','1965-11-07 13:58:28','2020-04-01 13:43:22'),(10,1,10,'https://dropbox/vk/file_5184',325653,'{\"owner\": \"Liliane McClure\"}','1965-05-27 01:46:13','2020-04-01 13:43:22'),(11,2,11,'https://dropbox/vk/file_1264',7215,'{\"owner\": \"Franco Batz\"}','1989-11-14 13:14:59','2020-04-01 13:43:22'),(12,3,12,'https://dropbox/vk/file_765',545126,'{\"owner\": \"Thea Kovacek\"}','1993-10-13 17:23:46','2020-04-01 13:43:22'),(13,1,13,'https://dropbox/vk/file_34',8317,'{\"owner\": \"Milton Adams\"}','2003-09-12 17:00:32','2020-04-01 13:43:22'),(14,2,14,'https://dropbox/vk/file_7876',738670,'{\"owner\": \"Alexie Jaskolski\"}','1966-01-10 12:55:25','2020-04-01 13:43:22'),(15,3,15,'https://dropbox/vk/file_9276',9366615,'{\"owner\": \"Joel Bednar\"}','1942-05-26 08:36:12','2020-04-01 13:43:22'),(16,1,16,'https://dropbox/vk/file_2751',47972,'{\"owner\": \"Carlee Carter\"}','2003-06-25 21:12:03','2020-04-01 13:43:22'),(17,2,17,'https://dropbox/vk/file_5925',28402,'{\"owner\": \"Cathrine Bruen\"}','1955-05-27 12:26:54','2020-04-01 13:43:22'),(18,3,18,'https://dropbox/vk/file_1373',961394284,'{\"owner\": \"Nathan VonRueden\"}','1983-05-17 03:56:37','2020-04-01 13:43:22'),(19,1,19,'https://dropbox/vk/file_9089',13851,'{\"owner\": \"Ian Cruickshank\"}','1923-12-13 20:31:11','2020-04-01 13:43:22'),(20,2,20,'https://dropbox/vk/file_1327',613280123,'{\"owner\": \"Estevan Rippin\"}','1984-10-22 21:21:56','2020-04-01 13:43:22'),(21,3,21,'https://dropbox/vk/file_9368',915339,'{\"owner\": \"Ole Jones\"}','1969-08-04 23:43:59','2020-04-01 13:43:22'),(22,1,22,'https://dropbox/vk/file_2858',29748770,'{\"owner\": \"Sandrine Lakin\"}','1922-02-24 22:24:12','2020-04-01 13:43:22'),(23,2,23,'https://dropbox/vk/file_6184',948253,'{\"owner\": \"Kelly Jacobson\"}','2011-06-17 00:26:18','2020-04-01 13:43:22'),(24,3,24,'https://dropbox/vk/file_2348',525142,'{\"owner\": \"Jaunita Olson\"}','1957-11-11 20:23:40','2020-04-01 13:43:22'),(25,1,25,'https://dropbox/vk/file_3185',13929422,'{\"owner\": \"Adelle Leuschke\"}','1994-02-17 06:09:14','2020-04-01 13:43:22'),(26,2,26,'https://dropbox/vk/file_8883',45213,'{\"owner\": \"Carlie Ullrich\"}','1935-12-12 18:40:39','2020-04-01 13:43:22'),(27,3,27,'https://dropbox/vk/file_4859',4290932,'{\"owner\": \"Oda Conroy\"}','1970-12-28 22:30:07','2020-04-01 13:43:22'),(28,1,28,'https://dropbox/vk/file_7645',869696,'{\"owner\": \"Chelsey White\"}','1962-03-11 19:04:06','2020-04-01 13:43:22'),(29,2,29,'https://dropbox/vk/file_3648',763054,'{\"owner\": \"River Hickle\"}','1936-05-13 10:44:46','2020-04-01 13:43:22'),(30,3,30,'https://dropbox/vk/file_5304',196182,'{\"owner\": \"Florence Kessler\"}','2018-07-15 07:00:52','2020-04-01 13:43:22'),(31,1,31,'https://dropbox/vk/file_5575',740061072,'{\"owner\": \"Delaney Wilkinson\"}','1925-12-19 09:21:27','2020-04-01 13:43:22'),(32,2,32,'https://dropbox/vk/file_1961',2763692,'{\"owner\": \"Fredrick Bradtke\"}','2006-01-06 15:31:59','2020-04-01 13:43:22'),(33,3,33,'https://dropbox/vk/file_3082',372465247,'{\"owner\": \"Oran Lakin\"}','1947-01-02 05:04:00','2020-04-01 13:43:22'),(34,1,34,'https://dropbox/vk/file_9527',738139,'{\"owner\": \"Julie Gibson\"}','1966-07-14 13:04:37','2020-04-01 13:43:22'),(35,2,35,'https://dropbox/vk/file_8387',59891,'{\"owner\": \"Roxane Treutel\"}','2014-01-15 03:38:23','2020-04-01 13:43:22'),(36,3,36,'https://dropbox/vk/file_3355',681748,'{\"owner\": \"Dennis Huel\"}','1926-01-11 00:57:04','2020-04-01 13:43:22'),(37,1,37,'https://dropbox/vk/file_1612',810196,'{\"owner\": \"Gregoria O\'Keefe\"}','1983-08-06 15:04:20','2020-04-01 13:43:22'),(38,2,38,'https://dropbox/vk/file_7993',995735,'{\"owner\": \"Hettie Gibson\"}','1959-06-25 16:21:41','2020-04-01 13:43:22'),(39,3,39,'https://dropbox/vk/file_5132',538090,'{\"owner\": \"Clotilde Emmerich\"}','2013-05-07 08:15:15','2020-04-01 13:43:22'),(40,1,40,'https://dropbox/vk/file_1677',2599301,'{\"owner\": \"Pete Zulauf\"}','1975-04-27 13:06:21','2020-04-01 13:43:22'),(41,2,41,'https://dropbox/vk/file_2992',675370,'{\"owner\": \"Althea Langworth\"}','1927-07-17 03:31:59','2020-04-01 13:43:22'),(42,3,42,'https://dropbox/vk/file_9926',693242,'{\"owner\": \"Brisa Fritsch\"}','1973-04-10 04:37:00','2020-04-01 13:43:22'),(43,1,43,'https://dropbox/vk/file_656',841943,'{\"owner\": \"Nakia Senger\"}','1971-06-01 12:33:28','2020-04-01 13:43:22'),(44,2,44,'https://dropbox/vk/file_3500',8290,'{\"owner\": \"Antonette Smitham\"}','1992-11-20 00:56:41','2020-04-01 13:43:22'),(45,3,45,'https://dropbox/vk/file_5530',119987,'{\"owner\": \"Marcus Purdy\"}','1931-10-12 05:32:03','2020-04-01 13:43:22'),(46,1,46,'https://dropbox/vk/file_7153',64299,'{\"owner\": \"Rae Labadie\"}','1941-01-22 03:05:38','2020-04-01 13:43:22'),(47,2,47,'https://dropbox/vk/file_9171',1864150,'{\"owner\": \"Tom Orn\"}','2017-09-02 15:36:17','2020-04-01 13:43:22'),(48,3,48,'https://dropbox/vk/file_4398',659891683,'{\"owner\": \"Rogelio Shanahan\"}','1940-08-12 12:33:33','2020-04-01 13:43:22'),(49,1,49,'https://dropbox/vk/file_4475',6381671,'{\"owner\": \"Cecile Kshlerin\"}','1946-03-07 18:31:59','2020-04-01 13:43:22'),(50,2,50,'https://dropbox/vk/file_9180',986726,'{\"owner\": \"Hermina Funk\"}','1992-01-24 04:45:32','2020-04-01 13:43:22'),(51,3,51,'https://dropbox/vk/file_2473',31503,'{\"owner\": \"Al Murazik\"}','2015-05-18 05:44:25','2020-04-01 13:43:22'),(52,1,52,'https://dropbox/vk/file_4828',4421046,'{\"owner\": \"Velma Boehm\"}','1980-04-17 00:05:55','2020-04-01 13:43:22'),(53,2,53,'https://dropbox/vk/file_6719',64110,'{\"owner\": \"Imogene Schaden\"}','1956-08-15 02:10:27','2020-04-01 13:43:22'),(54,3,54,'https://dropbox/vk/file_9110',288721,'{\"owner\": \"Camila Schaefer\"}','1937-04-10 01:43:55','2020-04-01 13:43:22'),(55,1,55,'https://dropbox/vk/file_5394',475525912,'{\"owner\": \"Deshawn Lang\"}','2018-04-05 21:42:01','2020-04-01 13:43:22'),(56,2,56,'https://dropbox/vk/file_9638',217727,'{\"owner\": \"Aliyah Schamberger\"}','1966-08-01 15:05:02','2020-04-01 13:43:22'),(57,3,57,'https://dropbox/vk/file_2010',750349,'{\"owner\": \"Minerva Towne\"}','1992-10-23 22:33:32','2020-04-01 13:43:22'),(58,1,58,'https://dropbox/vk/file_1135',34347,'{\"owner\": \"Emerson Morissette\"}','2016-03-22 04:02:02','2020-04-01 13:43:22'),(59,2,59,'https://dropbox/vk/file_9642',6703,'{\"owner\": \"Meredith Nicolas\"}','2019-07-28 09:03:50','2020-04-01 13:43:22'),(60,3,60,'https://dropbox/vk/file_4807',950587,'{\"owner\": \"Marcel Bauch\"}','1962-12-15 00:39:57','2020-04-01 13:43:22'),(61,1,61,'https://dropbox/vk/file_5108',22391881,'{\"owner\": \"Justyn Turcotte\"}','2001-01-27 02:44:37','2020-04-01 13:43:22'),(62,2,62,'https://dropbox/vk/file_1120',550606,'{\"owner\": \"Vicky Kohler\"}','1928-10-16 12:37:19','2020-04-01 13:43:22'),(63,3,63,'https://dropbox/vk/file_273',9328833,'{\"owner\": \"Elyssa Olson\"}','1989-12-05 09:57:09','2020-04-01 13:43:22'),(64,1,64,'https://dropbox/vk/file_8007',569360,'{\"owner\": \"Kiley Davis\"}','1923-01-19 15:38:14','2020-04-01 13:43:22'),(65,2,65,'https://dropbox/vk/file_9212',891271,'{\"owner\": \"Theodore Marquardt\"}','2017-02-03 20:55:22','2020-04-01 13:43:22'),(66,3,66,'https://dropbox/vk/file_2042',794537,'{\"owner\": \"Adeline Reinger\"}','1952-09-28 19:27:28','2020-04-01 13:43:22'),(67,1,67,'https://dropbox/vk/file_2572',49378936,'{\"owner\": \"Lucinda Satterfield\"}','1990-10-24 06:36:31','2020-04-01 13:43:22'),(68,2,68,'https://dropbox/vk/file_6736',463168434,'{\"owner\": \"June Shanahan\"}','1946-06-15 14:28:13','2020-04-01 13:43:22'),(69,3,69,'https://dropbox/vk/file_5961',30139968,'{\"owner\": \"Lyda Collier\"}','2016-02-26 09:32:22','2020-04-01 13:43:22'),(70,1,70,'https://dropbox/vk/file_9597',20399425,'{\"owner\": \"Jamel Deckow\"}','1960-03-27 10:51:01','2020-04-01 13:43:22'),(71,2,71,'https://dropbox/vk/file_102',44729,'{\"owner\": \"Felicia Reynolds\"}','2017-08-04 23:38:24','2020-04-01 13:43:22'),(72,3,72,'https://dropbox/vk/file_1720',55808987,'{\"owner\": \"Dandre Emard\"}','2005-07-16 19:13:27','2020-04-01 13:43:22'),(73,1,73,'https://dropbox/vk/file_8291',38024,'{\"owner\": \"Brandt Parisian\"}','1934-05-19 18:32:12','2020-04-01 13:43:22'),(74,2,74,'https://dropbox/vk/file_6295',63675,'{\"owner\": \"Timothy Terry\"}','1982-03-13 09:11:56','2020-04-01 13:43:22'),(75,3,75,'https://dropbox/vk/file_6604',288871,'{\"owner\": \"Alyce Tremblay\"}','1960-10-02 11:33:46','2020-04-01 13:43:22'),(76,1,76,'https://dropbox/vk/file_4131',6429839,'{\"owner\": \"Justyn Corwin\"}','1947-04-29 05:38:55','2020-04-01 13:43:22'),(77,2,77,'https://dropbox/vk/file_845',50745,'{\"owner\": \"Theresia Beier\"}','1927-06-26 11:08:19','2020-04-01 13:43:22'),(78,3,78,'https://dropbox/vk/file_1829',918439888,'{\"owner\": \"Noemy Grimes\"}','1960-04-12 01:39:08','2020-04-01 13:43:22'),(79,1,79,'https://dropbox/vk/file_6613',377115,'{\"owner\": \"Cooper Rice\"}','1935-05-19 06:37:44','2020-04-01 13:43:22'),(80,2,80,'https://dropbox/vk/file_7574',77164426,'{\"owner\": \"Berenice Gibson\"}','1950-03-04 23:16:17','2020-04-01 13:43:22'),(81,3,81,'https://dropbox/vk/file_8034',22320769,'{\"owner\": \"Brittany McCullough\"}','2011-12-17 16:29:39','2020-04-01 13:43:22'),(82,1,82,'https://dropbox/vk/file_7445',723337,'{\"owner\": \"Dolores Stanton\"}','1931-03-04 11:03:20','2020-04-01 13:43:22'),(83,2,83,'https://dropbox/vk/file_3123',475342,'{\"owner\": \"Brittany Larkin\"}','1971-10-09 04:02:34','2020-04-01 13:43:22'),(84,3,84,'https://dropbox/vk/file_3278',768599090,'{\"owner\": \"Lora Kuhlman\"}','2019-08-24 01:47:07','2020-04-01 13:43:22'),(85,1,85,'https://dropbox/vk/file_7020',196700,'{\"owner\": \"Kenna Little\"}','1938-12-30 04:53:49','2020-04-01 13:43:22'),(86,2,86,'https://dropbox/vk/file_5268',92594,'{\"owner\": \"Jaleel Reynolds\"}','1954-07-15 15:49:34','2020-04-01 13:43:22'),(87,3,87,'https://dropbox/vk/file_5280',111030813,'{\"owner\": \"Finn Lind\"}','2018-05-04 02:47:11','2020-04-01 13:43:22'),(88,1,88,'https://dropbox/vk/file_596',50072339,'{\"owner\": \"Iliana Greenholt\"}','1928-08-03 17:10:48','2020-04-01 13:43:22'),(89,2,89,'https://dropbox/vk/file_7138',47640221,'{\"owner\": \"Gavin Lang\"}','1923-12-08 23:53:41','2020-04-01 13:43:22'),(90,3,90,'https://dropbox/vk/file_3900',6684661,'{\"owner\": \"Georgette McClure\"}','2015-06-28 01:11:13','2020-04-01 13:43:22'),(91,1,91,'https://dropbox/vk/file_8089',547474,'{\"owner\": \"Boyd Sawayn\"}','1966-12-21 16:52:53','2020-04-01 13:43:22'),(92,2,92,'https://dropbox/vk/file_8742',93147,'{\"owner\": \"Estella Bogan\"}','1993-03-07 17:59:33','2020-04-01 13:43:22'),(93,3,93,'https://dropbox/vk/file_9443',855693,'{\"owner\": \"Arvel Legros\"}','1925-02-19 03:59:42','2020-04-01 13:43:22'),(94,1,94,'https://dropbox/vk/file_990',8641260,'{\"owner\": \"Jackson O\'Kon\"}','1948-06-07 06:11:18','2020-04-01 13:43:22'),(95,2,95,'https://dropbox/vk/file_6621',137270,'{\"owner\": \"Davonte Ledner\"}','1952-08-30 17:52:33','2020-04-01 13:43:22'),(96,3,96,'https://dropbox/vk/file_132',3123,'{\"owner\": \"Agnes Wilderman\"}','1993-07-28 03:17:00','2020-04-01 13:43:22'),(97,1,97,'https://dropbox/vk/file_798',6227,'{\"owner\": \"Danika Spencer\"}','1928-01-13 15:01:12','2020-04-01 13:43:22'),(98,2,98,'https://dropbox/vk/file_3595',470355,'{\"owner\": \"Syble Nolan\"}','1971-01-26 13:37:15','2020-04-01 13:43:22'),(99,3,99,'https://dropbox/vk/file_5578',33928,'{\"owner\": \"Janick Bergstrom\"}','1934-05-25 08:54:45','2020-04-01 13:43:22'),(100,1,100,'https://dropbox/vk/file_7107',747829,'{\"owner\": \"Zora Gulgowski\"}','1934-05-29 14:44:38','2020-04-01 13:43:22');
/*!40000 ALTER TABLE `media` ENABLE KEYS */;
UNLOCK TABLES;

--
-- Table structure for table `media_types`
--

DROP TABLE IF EXISTS `media_types`;
/*!40101 SET @saved_cs_client     = @@character_set_client */;
/*!50503 SET character_set_client = utf8mb4 */;
CREATE TABLE `media_types` (
  `id` int unsigned NOT NULL AUTO_INCREMENT,
  `name` varchar(255) CHARACTER SET utf8 COLLATE utf8_unicode_ci NOT NULL,
  PRIMARY KEY (`id`),
  UNIQUE KEY `name` (`name`)
) ENGINE=InnoDB AUTO_INCREMENT=4 DEFAULT CHARSET=utf8 COLLATE=utf8_unicode_ci;
/*!40101 SET character_set_client = @saved_cs_client */;

--
-- Dumping data for table `media_types`
--

LOCK TABLES `media_types` WRITE;
/*!40000 ALTER TABLE `media_types` DISABLE KEYS */;
INSERT INTO `media_types` VALUES (3,' photo'),(1,' video'),(2,'music');
/*!40000 ALTER TABLE `media_types` ENABLE KEYS */;
UNLOCK TABLES;

--
-- Table structure for table `messages`
--

DROP TABLE IF EXISTS `messages`;
/*!40101 SET @saved_cs_client     = @@character_set_client */;
/*!50503 SET character_set_client = utf8mb4 */;
CREATE TABLE `messages` (
  `id` int unsigned NOT NULL AUTO_INCREMENT,
  `from_user_id` int unsigned NOT NULL,
  `to_user_id` int unsigned NOT NULL,
  `body` text CHARACTER SET utf8 COLLATE utf8_unicode_ci NOT NULL,
  `is_important` tinyint(1) DEFAULT NULL,
  `is_delivered` tinyint(1) DEFAULT NULL,
  `created_at` datetime DEFAULT CURRENT_TIMESTAMP,
  PRIMARY KEY (`id`)
) ENGINE=InnoDB AUTO_INCREMENT=101 DEFAULT CHARSET=utf8 COLLATE=utf8_unicode_ci;
/*!40101 SET character_set_client = @saved_cs_client */;

--
-- Dumping data for table `messages`
--

LOCK TABLES `messages` WRITE;
/*!40000 ALTER TABLE `messages` DISABLE KEYS */;
INSERT INTO `messages` VALUES (1,1,33,'Maiores numquam numquam quis quo deleniti nam. Beatae atque perferendis quidem sed et ut id. Enim et doloremque sed quam repellat et earum. Corrupti ut magni non enim et molestiae dolore a.',0,0,'2016-03-05 03:46:16'),(2,2,27,'Quam quis officia ut fuga eum recusandae quia voluptatem. Dignissimos excepturi et qui natus vero laudantium. Exercitationem debitis delectus et enim et impedit molestiae.',0,0,'2018-04-11 12:46:15'),(3,3,36,'Adipisci placeat nihil ut. Vero delectus et sapiente consequatur consequatur quos maxime. Velit inventore exercitationem veniam beatae. Rerum debitis ullam molestias magni sed. Asperiores incidunt inventore quos sit quasi voluptatem fuga.',0,1,'2011-09-12 16:55:19'),(4,4,96,'Repellat natus unde repellendus eos architecto. Laudantium maxime quam voluptate ex facere ut. Commodi nemo corporis distinctio. Non aliquam quis fuga sapiente molestias esse. Omnis animi est quas dicta odio ad distinctio.',1,1,'2010-07-29 01:39:59'),(5,5,91,'Dignissimos quo ratione quae. Ut est qui et neque. Temporibus et consequatur voluptatem saepe.',0,0,'2015-10-28 10:18:04'),(6,6,46,'Et quaerat nihil nesciunt nisi fugit fuga. Culpa et ab dolorem cupiditate voluptatum officiis. Illo quas vitae adipisci. Est doloremque explicabo ut ex ut.',0,0,'2011-08-15 18:53:11'),(7,7,69,'Voluptas maiores sed ducimus eos est. Tenetur quibusdam culpa aut id error ipsum. Cupiditate accusamus et ut consequatur voluptates et cum.',1,0,'2010-03-31 18:37:46'),(8,8,23,'Corrupti autem explicabo debitis et sint in. Nulla exercitationem ipsa asperiores.',1,0,'2013-12-09 17:03:30'),(9,9,33,'Asperiores dolore ut iure suscipit. Deserunt et quia quia porro numquam voluptas aperiam alias. Labore ipsum qui quo qui et.',0,0,'2016-12-20 13:51:57'),(10,10,12,'Fugit natus quia explicabo nobis expedita accusamus voluptas. Minima hic laudantium blanditiis ut qui impedit. Repellat eum amet distinctio quis autem autem.',1,1,'2017-06-14 23:02:28'),(11,11,83,'Ut unde ut qui ipsam aliquid. Tempore dicta occaecati ex asperiores. Quod facilis rem nam dolorem.',1,0,'2011-03-12 10:02:39'),(12,12,26,'Et omnis dolorum ipsum cumque ut. Reiciendis occaecati quis provident eligendi suscipit esse necessitatibus delectus. Rerum temporibus adipisci in quaerat iusto. Doloremque rerum numquam modi quas.',0,1,'2016-05-17 03:08:53'),(13,13,31,'Explicabo quidem aut laudantium. Ab qui molestias aut ipsam amet deserunt molestiae. Neque adipisci quos nobis in quod nesciunt ratione mollitia.',0,1,'2018-06-14 22:08:42'),(14,14,98,'Voluptatem delectus id ut magni. Cupiditate quasi quas molestias vitae. Earum non voluptatum adipisci dolorem maxime quo voluptatum. Deleniti ut ipsam vero asperiores possimus officia.',1,1,'2011-10-08 09:12:25'),(15,15,2,'Temporibus possimus aut quis non. Libero eligendi rerum occaecati unde voluptatum inventore aut. Amet assumenda ab consectetur blanditiis atque.',1,0,'2017-12-12 04:34:17'),(16,16,50,'Sint praesentium odit ea ducimus. Nulla voluptas non aut nisi ut. Et et harum autem veritatis.',0,1,'2015-10-29 11:08:53'),(17,17,41,'Nesciunt error voluptas molestiae suscipit accusamus nihil. Aliquam ut quo animi tenetur est debitis. A ut sunt sit quia incidunt omnis. Est corporis quidem quibusdam repellat est et voluptatem.',0,0,'2015-02-27 10:51:16'),(18,18,56,'Atque ex aspernatur est atque ratione aut quo aliquam. Tempora totam ex adipisci qui. Cum ipsa recusandae sequi quas in ab explicabo. Voluptas expedita dignissimos quo aut molestias nobis.',0,0,'2011-01-08 13:37:26'),(19,19,75,'Nesciunt aut id quis molestiae dicta possimus est. Quibusdam quasi facilis corporis quas voluptatem. Soluta repudiandae esse fugiat quia sunt provident tempore saepe.',0,1,'2017-10-11 10:02:51'),(20,20,2,'Vel blanditiis iste expedita dignissimos necessitatibus ullam modi. Animi quos voluptas architecto voluptatum aut architecto et. Aliquid enim atque quae qui magni dolorum aut illum.',1,0,'2015-07-16 08:14:52'),(21,21,69,'Et non nihil fugit aut beatae. Cupiditate minima dignissimos repellat voluptas. Reiciendis excepturi ut corrupti ratione qui omnis explicabo.',0,1,'2018-11-27 22:03:23'),(22,22,79,'Sit omnis est at quis consequatur ut. Quia tempore qui voluptas ut.',0,0,'2010-06-05 06:44:39'),(23,23,75,'Consequatur numquam et magnam quis aut odit sunt. Et facere modi non itaque. Ut occaecati molestiae recusandae aut nesciunt est.',0,1,'2011-07-08 17:38:44'),(24,24,38,'Quaerat sapiente eaque vel recusandae. Voluptatum unde voluptates aut provident veritatis nobis.',0,1,'2013-09-17 20:23:34'),(25,25,36,'Architecto et repellat porro enim consequuntur. Earum tempore sit ut nisi. Cupiditate ipsa eos consequuntur hic sit praesentium. Ut nesciunt quo numquam repellendus blanditiis quia.',1,1,'2012-04-25 22:00:54'),(26,26,92,'Inventore veniam voluptatem velit deleniti autem beatae. Quidem aspernatur voluptatem adipisci autem. Beatae est eos odit quo.',0,1,'2017-06-23 09:28:35'),(27,27,71,'Enim qui laudantium quo aut dolores recusandae. Ea delectus saepe amet magni soluta. Assumenda velit itaque mollitia a nobis.',1,0,'2013-02-15 22:30:38'),(28,28,1,'Incidunt laborum minima consequuntur explicabo libero eius dolore. Nihil ut et velit fugit dolorum eum ipsa.',1,0,'2013-06-19 10:05:32'),(29,29,89,'Minima aut molestiae sed. Libero impedit qui odio esse voluptatibus dolores. Soluta voluptatem recusandae iure incidunt est magnam sequi.',1,1,'2012-01-17 14:40:41'),(30,30,22,'Sed atque exercitationem numquam aut deserunt rerum. Aliquid vel vel dolorum vitae illum sequi. Consequatur fuga nihil sit in.',0,0,'2010-08-02 03:33:56'),(31,31,71,'Odio quam aliquid dicta numquam ut officiis. Libero hic qui consequatur quasi qui dolor. Cupiditate quam ullam temporibus. Pariatur fuga sit doloribus et atque consequuntur.',1,0,'2013-02-28 06:14:53'),(32,32,60,'Cumque in reiciendis nesciunt. Necessitatibus aut qui minima consequatur officiis.',1,0,'2010-09-16 11:15:33'),(33,33,62,'Voluptas ratione placeat excepturi eaque. Tenetur praesentium molestiae molestiae ut voluptas. Aut deserunt distinctio nulla incidunt ut.',1,0,'2010-07-16 04:59:28'),(34,34,44,'Soluta consequatur nam suscipit explicabo quia. Id voluptatem laudantium quisquam veniam eum eos. Accusantium et illum autem quis cumque.',0,0,'2016-04-24 13:12:48'),(35,35,75,'Non magni labore voluptatibus quo facere. Illum autem tempora modi assumenda eius. Commodi assumenda non qui cumque.',1,1,'2019-01-23 12:12:21'),(36,36,22,'Illum facere ut facere voluptas velit. Voluptatem accusamus sequi culpa. Accusantium ut corporis sit. Ut error quos vero quaerat nesciunt.',1,0,'2017-04-09 17:32:07'),(37,37,59,'Nihil quibusdam quidem suscipit impedit saepe. Ab est quisquam ex saepe. Molestias recusandae vel debitis vero.',0,0,'2016-03-23 17:56:58'),(38,38,8,'Eius est veritatis quia ullam est ipsa. Laboriosam labore repellat soluta velit rem. Sapiente molestias omnis et quos ex earum dolorem. Similique quo soluta ut necessitatibus in quaerat dolorem assumenda. Quis saepe qui et libero.',0,0,'2018-08-19 00:08:43'),(39,39,23,'Sed magni saepe voluptatem ut dolor ex commodi sed. Nemo dicta corporis et ut aut dolorem expedita. Repellat in deserunt quaerat cupiditate veritatis corporis temporibus. Voluptatem aut recusandae consequuntur aut.',1,1,'2014-06-27 20:37:29'),(40,40,40,'Dolorem cupiditate sapiente modi minus provident sunt ducimus asperiores. Accusantium aliquam et labore similique provident labore eligendi. Similique qui aut aut neque mollitia dolor quasi. Voluptas magnam aut repellat voluptate.',0,1,'2015-12-21 01:25:35'),(41,41,26,'Nam necessitatibus earum labore magnam. Et asperiores debitis vel ab. Quo perspiciatis quasi non quis. Molestiae excepturi molestiae ea et dolore.',1,1,'2015-04-21 22:53:59'),(42,42,48,'Porro voluptas illo necessitatibus ut dolorem earum omnis ea. Id cum aliquam aut rerum porro beatae possimus. Pariatur dolor ducimus et autem quis soluta nihil.',1,1,'2014-10-25 19:44:30'),(43,43,26,'Quaerat temporibus doloremque facilis voluptatem eius odit sapiente ut. Et cupiditate maxime praesentium reprehenderit exercitationem neque. Iste commodi amet delectus ea exercitationem nam fugiat. Tenetur eum sint architecto eaque fugit veritatis autem. Perspiciatis consectetur ad sequi quia voluptas saepe iusto.',0,1,'2019-03-21 15:58:14'),(44,44,21,'Aut doloribus et aut magni aut qui cum. Quas unde qui sunt expedita numquam. Omnis veritatis voluptatem et reiciendis ea non.',0,1,'2013-03-05 12:25:18'),(45,45,77,'Ratione mollitia pariatur blanditiis qui odit. Id vero sit eaque quos non quae quasi.',0,0,'2011-09-11 12:04:06'),(46,46,86,'Autem dolor maxime et culpa. Et ut aut vero ut. Sit qui ipsam quia dolores qui aliquam omnis.',0,1,'2019-10-06 10:42:23'),(47,47,51,'Ducimus id cum amet porro occaecati vitae aut. Molestiae nulla et accusamus in reiciendis aut quis esse. Rerum et omnis perferendis quisquam voluptas facilis.',1,1,'2010-09-20 20:26:04'),(48,48,95,'Distinctio in beatae quibusdam voluptatem recusandae amet reprehenderit. Nisi et enim mollitia quia vel corporis. Non consequatur quibusdam quis aperiam commodi minus fugiat.',1,0,'2014-05-17 14:16:04'),(49,49,55,'Dicta vero perspiciatis quis adipisci amet est eveniet. Consectetur dolorum sed praesentium aut qui. Eum maxime necessitatibus sunt aperiam expedita.',1,0,'2014-08-20 11:34:51'),(50,50,65,'Quia ipsam sapiente quia rerum quia. Dolorem quas laboriosam minus quia aut sapiente eum amet. Nihil ratione ea et porro iste sint quia.',1,1,'2014-04-23 07:32:50'),(51,51,68,'Possimus tenetur quia accusamus porro pariatur et laudantium eaque. Illum tempore est eaque asperiores assumenda. Blanditiis sint et minima laudantium sed. Quis ea et repellendus vero. Sequi repellendus alias iste cupiditate vero.',0,1,'2015-08-18 22:35:14'),(52,52,34,'Asperiores quae nam eaque quasi necessitatibus unde. Ab corporis non ullam odit tempore fugiat sit.',1,1,'2012-06-06 12:00:31'),(53,53,63,'Omnis autem omnis culpa qui quod quod. Qui explicabo nulla iure quae corporis ut est.',1,1,'2010-08-22 21:21:10'),(54,54,99,'Deserunt ea ducimus impedit et voluptatem quia. Facere quis illum repellat eos. Ullam nesciunt harum velit reiciendis. Quisquam ab corporis at.',1,1,'2014-01-01 14:53:06'),(55,55,65,'Explicabo laborum quia nihil repudiandae doloremque quod accusantium. Rerum at quia ut odit error inventore. Sit modi itaque est necessitatibus. Ea quibusdam blanditiis quis soluta magnam quis.',0,1,'2013-06-15 05:03:22'),(56,56,67,'Cupiditate sint nesciunt sequi quae earum vel. Facere molestias corporis quod voluptatem. Ut et perferendis nihil est eligendi perspiciatis voluptas velit. Est similique laboriosam et tenetur dicta.',1,1,'2018-06-08 12:31:59'),(57,57,20,'Ea ducimus quasi illum amet similique optio velit. Ut illo sit nihil neque asperiores consequatur. Cum dolor cum pariatur dolores enim quia.',0,0,'2013-11-16 17:14:03'),(58,58,50,'Et cum asperiores rerum id repellat. Reprehenderit architecto itaque voluptate quia. Nesciunt quia voluptatem non qui. Error rerum voluptatem eos iure amet earum rerum.',0,1,'2016-10-06 23:33:04'),(59,59,72,'Expedita quam laudantium qui et et aperiam quasi. Est iure ea aliquam sunt rerum est culpa. Dolor tempore distinctio doloribus aliquid quis cumque voluptatem. Voluptas corporis atque vitae.',0,1,'2016-05-03 00:35:26'),(60,60,65,'Est eum quis in sed voluptatem. Numquam numquam eaque dignissimos consequatur cumque. Fuga iusto explicabo debitis quia. Modi aut voluptatibus commodi eaque sint. Culpa officiis quibusdam quia debitis necessitatibus suscipit.',1,0,'2014-03-08 13:52:45'),(61,61,33,'Iste a expedita voluptas dolores quam sint aut. Eum id et maiores reprehenderit natus recusandae. Delectus tempora perspiciatis cum dolorem.',0,0,'2013-10-14 09:43:24'),(62,62,35,'Velit porro fuga quia autem placeat. Iusto sunt voluptas tenetur repellat fuga ad. Quisquam dolores ut voluptas totam eaque facere. Cumque reprehenderit beatae est hic adipisci ad.',0,1,'2010-06-02 16:04:04'),(63,63,21,'Esse ea repudiandae et soluta deserunt omnis cupiditate. Facilis omnis praesentium eos expedita debitis asperiores ut. Ut esse sed assumenda exercitationem. Labore ratione rerum ipsa quia perspiciatis. Possimus eos sit laboriosam pariatur cum quibusdam.',0,1,'2010-04-14 15:42:49'),(64,64,95,'Iure facilis eum eos ex sit. Eum quam blanditiis laudantium quasi. Quis veniam dolorem ut enim distinctio qui.',0,1,'2010-11-11 02:24:30'),(65,65,44,'Nihil et quas temporibus officiis. Voluptatem qui excepturi maxime minima voluptatem. Perspiciatis doloribus eligendi corrupti autem suscipit tenetur quo.',1,0,'2017-08-30 17:37:52'),(66,66,4,'Aut temporibus eum dignissimos totam voluptatem. Quis sit et ipsum.',1,0,'2015-12-13 14:28:59'),(67,67,46,'Quasi numquam ducimus qui quo molestiae. Earum debitis harum et voluptas quis veniam molestias suscipit.',0,0,'2013-03-23 18:32:26'),(68,68,36,'Voluptatem cupiditate ducimus ut labore est ducimus. Qui eius id similique ut voluptas vel. Quisquam et ipsa totam et voluptates. Voluptatibus qui expedita recusandae quod saepe.',0,1,'2010-07-13 10:09:44'),(69,69,56,'Expedita officiis ipsa sapiente voluptatum debitis. Temporibus illo ut ut iste occaecati dolores. Velit quia iure repellendus dicta reiciendis recusandae. Quaerat sed molestias tenetur voluptatem.',0,1,'2017-08-11 05:05:04'),(70,70,85,'Quo mollitia possimus suscipit adipisci est mollitia ut autem. Omnis aliquid officia delectus nulla nihil temporibus dolores molestias.',1,1,'2015-06-19 00:54:21'),(71,71,32,'Voluptatem impedit quia dolores sapiente eum veritatis. Maxime eaque corporis minima consequatur sed. Nisi a in excepturi.',0,1,'2017-02-16 19:50:22'),(72,72,79,'Voluptates dignissimos dolorem deserunt et blanditiis. Omnis deleniti in beatae corrupti rerum id consectetur. Minima aut quis cumque et ipsam. Reiciendis voluptas autem vel neque at quos.',1,1,'2012-06-10 17:46:41'),(73,73,12,'Ut est veniam iure autem. Maiores sequi harum eos reprehenderit accusantium non. Eius culpa sed eum quo eligendi reprehenderit in.',1,0,'2015-01-09 05:45:44'),(74,74,89,'Porro nesciunt doloremque consequatur architecto dolore consequatur qui voluptatem. Ut asperiores quo libero doloremque. Est non praesentium explicabo facere hic expedita.',1,0,'2014-12-27 14:00:12'),(75,75,50,'Enim quas ut ut eligendi deserunt enim ea. Quia rem ea laboriosam eius necessitatibus quis exercitationem qui. Minima vitae est animi accusantium earum aliquam qui.',1,1,'2019-07-23 19:06:50'),(76,76,52,'Itaque eos soluta voluptate animi. Minus sunt vel officia. Rerum harum quis distinctio vel veniam architecto.',1,0,'2014-08-11 17:18:42'),(77,77,80,'Id ratione in voluptates est. Consectetur quam ipsa at quis aut. Aut pariatur corrupti laudantium unde iusto. Sed molestias ut at commodi dolores.',0,0,'2014-01-09 09:14:54'),(78,78,3,'Cumque ex perspiciatis reiciendis vero perferendis voluptatem ut hic. Cum dolores rerum doloremque.',0,0,'2018-02-26 15:44:19'),(79,79,43,'A quia ipsum voluptas dolores rerum. Vero corporis quia dolores et. Odio expedita aut facilis vitae tempora ipsam saepe repellat. Laborum quos ratione quisquam molestiae porro recusandae et. Eveniet sint laudantium sed dolor iusto ut laboriosam.',1,1,'2018-03-16 01:44:35'),(80,80,27,'Delectus pariatur consectetur fugit. Doloribus dolor illum quisquam. Iste maiores harum libero aut unde soluta alias. Atque voluptas qui dolores voluptatem at labore est.',1,1,'2014-01-12 14:08:40'),(81,81,31,'Sed consequatur aut iusto harum. Aliquam voluptatem neque magni sed. Est cupiditate amet sunt totam.',1,1,'2011-10-07 17:54:09'),(82,82,34,'At eaque sit ex facere autem corporis ut. Repellat dicta aut dignissimos vero aut et iure. Qui a maiores doloribus rerum ducimus corporis.',0,0,'2011-01-04 21:40:04'),(83,83,59,'Blanditiis accusantium quas velit quia voluptatem provident voluptatem. Hic non tenetur eum. Magni ab libero eius omnis fuga. Dolor rerum et quia facilis qui qui quis.',0,0,'2017-02-14 04:56:14'),(84,84,80,'Ipsam facere itaque velit. Ipsa velit qui illo commodi. Voluptas non rerum sit aut aperiam. Sequi vitae facere repudiandae incidunt.',0,1,'2014-01-09 04:47:26'),(85,85,15,'Quo labore minima velit omnis alias impedit aut temporibus. Aliquid molestiae aut harum error. Eaque beatae voluptatem aspernatur explicabo enim. Illo accusamus autem aliquam sed nulla ut.',0,0,'2010-06-03 18:16:34'),(86,86,85,'In atque quos delectus quas porro cum harum. Distinctio est blanditiis id maxime temporibus ipsa. Exercitationem hic assumenda voluptatem voluptatem officia totam. Sint necessitatibus ullam explicabo laudantium aut quaerat laboriosam consequatur.',1,0,'2011-10-29 07:28:31'),(87,87,57,'Sapiente quia alias vero molestiae. Ea quisquam earum quia.',0,1,'2014-11-01 08:16:45'),(88,88,22,'Sed eveniet nam doloremque qui. Reiciendis autem est quia. Aut a repudiandae et corporis fugiat maxime unde.',1,0,'2018-02-01 05:28:29'),(89,89,39,'Nam unde consequuntur iste perferendis dolore voluptatem. Omnis aliquam sint magnam perspiciatis quaerat deleniti vitae consequatur. Nesciunt voluptas repudiandae assumenda quisquam quis deserunt animi. Dignissimos non unde laboriosam quod aut omnis.',1,0,'2014-02-12 10:50:07'),(90,90,41,'Eius commodi et nisi voluptatem tenetur omnis qui. Occaecati aut ipsa sequi autem et numquam optio et. Perferendis reiciendis architecto enim inventore laboriosam. Iusto quisquam aut aut temporibus fugiat vel.',1,1,'2012-05-23 10:22:06'),(91,91,21,'Inventore quia ex provident voluptas. Laudantium perspiciatis saepe sequi repudiandae ut.',0,1,'2018-11-23 10:50:48'),(92,92,95,'Autem velit labore dolorum quas et voluptas sunt. Inventore magni explicabo laudantium omnis deleniti est. Tempore dicta repudiandae aut ipsum adipisci voluptates ducimus. Voluptas minus corrupti occaecati tempore autem vel consequatur.',0,0,'2016-03-21 05:07:20'),(93,93,26,'Delectus et ea ut ut vel non. Esse eos neque atque officia sit. Iure natus velit voluptatem voluptatibus. Quisquam velit id eum quidem.',1,0,'2011-03-04 01:44:26'),(94,94,31,'Vel sed incidunt veniam pariatur. Aliquam labore omnis recusandae commodi. Corrupti est vero quasi sunt delectus.',1,1,'2018-12-12 09:16:23'),(95,95,90,'Quidem et voluptas enim dolorum consequatur. Sed laboriosam sit sed unde voluptas culpa. Tenetur non vel qui nihil.',0,0,'2014-06-05 15:01:14'),(96,96,66,'Reiciendis reprehenderit aut animi debitis sapiente. Numquam placeat ab nemo. Sequi et provident eos consequatur.',1,0,'2020-02-08 02:18:37'),(97,97,12,'Ut est qui velit facere. Molestiae et commodi quia voluptatum ut repellat. Sit fugit quisquam commodi quo natus.',1,1,'2016-01-15 09:39:28'),(98,98,54,'Consequatur vel a nulla sed ut nostrum. Repellendus dolorum maiores quia cum tempore consequatur. Molestiae esse esse ex fuga voluptas. Quia ut non rerum voluptatem consequatur.',0,1,'2014-10-06 14:06:09'),(99,99,36,'Voluptatem maxime consequuntur deserunt et ex quia at doloremque. Dolorem possimus porro quasi dicta et ut non. Ducimus nihil commodi molestiae facilis laudantium. Sint rem nam accusantium sed dolorum eos dolorem dicta.',0,0,'2010-07-11 17:33:55'),(100,100,51,'Incidunt dolor consequatur deserunt laudantium fugiat laboriosam. Ipsa dicta sunt at omnis cumque. Deleniti velit officia rerum voluptatem qui in.',0,0,'2013-05-21 05:37:20');
/*!40000 ALTER TABLE `messages` ENABLE KEYS */;
UNLOCK TABLES;

--
-- Table structure for table `profiles`
--

DROP TABLE IF EXISTS `profiles`;
/*!40101 SET @saved_cs_client     = @@character_set_client */;
/*!50503 SET character_set_client = utf8mb4 */;
CREATE TABLE `profiles` (
  `user_id` int unsigned NOT NULL,
  `gender` char(1) CHARACTER SET utf8 COLLATE utf8_unicode_ci NOT NULL,
  `birthday` date DEFAULT NULL,
  `city` varchar(100) CHARACTER SET utf8 COLLATE utf8_unicode_ci DEFAULT NULL,
  `country` varchar(100) CHARACTER SET utf8 COLLATE utf8_unicode_ci DEFAULT NULL,
  `photo_id` int unsigned DEFAULT NULL,
  `created_at` datetime DEFAULT CURRENT_TIMESTAMP,
  `updated_at` datetime DEFAULT CURRENT_TIMESTAMP ON UPDATE CURRENT_TIMESTAMP,
  PRIMARY KEY (`user_id`)
) ENGINE=InnoDB DEFAULT CHARSET=utf8 COLLATE=utf8_unicode_ci;
/*!40101 SET character_set_client = @saved_cs_client */;

--
-- Dumping data for table `profiles`
--

LOCK TABLES `profiles` WRITE;
/*!40000 ALTER TABLE `profiles` DISABLE KEYS */;
INSERT INTO `profiles` VALUES (1,'f','1971-10-08','Port Cassie','USA',1,'2004-06-26 02:33:33','2020-04-01 13:41:31'),(2,'m','2011-06-19','Cormierland','Spain',2,'1998-11-30 16:08:25','2020-04-01 13:41:31'),(3,'m','1976-06-29','Kuhlmanburgh','China',3,'1998-03-05 01:25:31','2020-04-01 13:41:31'),(4,'m','1975-12-20','West Annabell','China',4,'1991-12-13 19:43:38','2020-04-01 13:41:31'),(5,'m','1993-11-11','Josiefurt','Spain',5,'2000-08-15 11:02:55','2020-04-01 13:41:31'),(6,'f','1999-07-01','Keonfort','Australia',6,'1996-10-19 06:45:16','2020-04-01 13:41:31'),(7,'m','1984-06-30','Maybellside','UK',7,'2002-12-14 14:49:02','2020-04-01 13:41:31'),(8,'m','2006-08-08','Orloborough','UK',8,'1979-09-17 16:19:40','2020-04-01 13:41:31'),(9,'m','1976-02-11','Lake Jessicaside','UK',9,'1976-07-16 23:17:12','2020-04-01 13:41:31'),(10,'f','2007-11-24','Uriahport','Russia',10,'2004-02-03 03:46:31','2020-04-01 13:41:31'),(11,'f','1973-03-18','Bradfordberg','UK',11,'1983-08-24 16:26:44','2020-04-01 13:41:31'),(12,'f','1994-07-25','Tannerberg','China',12,'1997-09-29 18:50:35','2020-04-01 13:41:31'),(13,'f','1973-03-03','Feilland','UK',13,'2016-07-12 02:16:26','2020-04-01 13:41:31'),(14,'f','2012-03-02','Lake Kileyville','China',14,'1976-03-21 08:01:05','2020-04-01 13:41:31'),(15,'f','1974-12-11','Lake Valentine','USA',15,'1986-09-20 16:23:54','2020-04-01 13:41:31'),(16,'f','1992-10-24','Mitchellborough','Russia',16,'1992-04-25 12:21:29','2020-04-01 13:41:31'),(17,'m','2017-05-17','Port Letitia','UK',17,'2017-08-27 20:31:39','2020-04-01 13:41:31'),(18,'f','2001-12-07','North Petra','Australia',18,'2015-03-17 20:42:10','2020-04-01 13:41:31'),(19,'f','1997-06-12','Bartellhaven','Spain',19,'1970-11-20 09:37:17','2020-04-01 13:41:31'),(20,'m','2000-04-04','Macejkovicstad','Russia',20,'2000-01-20 06:41:25','2020-04-01 13:41:31'),(21,'m','1980-01-18','South Hermina','USA',21,'1976-08-10 12:21:16','2020-04-01 13:41:31'),(22,'f','2003-08-01','New Cliffordmouth','Spain',22,'1999-11-29 02:17:48','2020-04-01 13:41:31'),(23,'m','1986-05-13','Port Victoria','Russia',23,'1997-03-03 12:57:09','2020-04-01 13:41:31'),(24,'m','1982-11-20','New Tressie','Spain',24,'1997-12-18 15:59:53','2020-04-01 13:41:31'),(25,'f','1981-05-02','Moorehaven','Australia',25,'1992-03-27 04:53:29','2020-04-01 13:41:31'),(26,'f','1983-05-05','Issacstad','UK',26,'1988-11-13 03:24:36','2020-04-01 13:41:31'),(27,'m','2007-02-11','Darioview','Russia',27,'1998-09-24 08:47:18','2020-04-01 13:41:31'),(28,'m','2007-08-31','Zeldahaven','Australia',28,'2013-06-18 04:50:26','2020-04-01 13:41:31'),(29,'m','1982-05-31','West Antoniashire','Australia',29,'2002-07-10 09:32:00','2020-04-01 13:41:31'),(30,'m','2010-06-12','Port Easter','Russia',30,'2013-05-15 05:16:02','2020-04-01 13:41:31'),(31,'f','2000-11-12','North Aryanna','Spain',31,'1990-07-26 10:08:43','2020-04-01 13:41:31'),(32,'m','1972-02-14','Wildermanton','Spain',32,'2010-04-16 03:18:39','2020-04-01 13:41:31'),(33,'m','2010-03-28','New Alvena','Russia',33,'1975-01-21 05:14:02','2020-04-01 13:41:31'),(34,'f','2016-11-09','Erdmanshire','Spain',34,'2019-02-04 00:19:37','2020-04-01 13:41:31'),(35,'f','1985-02-12','Carrollburgh','USA',35,'1980-12-12 21:31:12','2020-04-01 13:41:31'),(36,'f','2018-04-16','New Jadon','Australia',36,'2006-11-21 20:08:26','2020-04-01 13:41:31'),(37,'m','1981-09-10','Kozeyland','China',37,'2002-11-24 07:50:32','2020-04-01 13:41:31'),(38,'f','1982-02-22','Kerlukeport','China',38,'1986-10-19 00:06:38','2020-04-01 13:41:31'),(39,'f','1992-02-28','Lake Davonville','UK',39,'2019-05-06 15:50:04','2020-04-01 13:41:31'),(40,'f','1970-03-17','East Hilda','China',40,'1994-03-21 23:28:41','2020-04-01 13:41:31'),(41,'f','1992-10-08','New Marionfurt','China',41,'2007-08-19 03:39:24','2020-04-01 13:41:31'),(42,'f','1998-09-13','Vincefurt','UK',42,'2008-10-15 20:53:27','2020-04-01 13:41:31'),(43,'m','1973-06-04','South Sethborough','Australia',43,'1994-09-19 12:15:07','2020-04-01 13:41:31'),(44,'f','1983-04-05','Wizaton','UK',44,'2000-01-22 19:47:50','2020-04-01 13:41:31'),(45,'m','2005-11-13','Ortizbury','USA',45,'1993-01-15 15:21:36','2020-04-01 13:41:31'),(46,'f','1976-04-02','North Rowan','USA',46,'1974-08-22 06:24:52','2020-04-01 13:41:31'),(47,'f','1995-11-26','Josefinaview','Spain',47,'1970-10-07 22:28:00','2020-04-01 13:41:31'),(48,'m','1990-07-24','West Nicklauston','UK',48,'1994-03-14 21:59:03','2020-04-01 13:41:31'),(49,'m','1982-09-19','West Isabellhaven','Australia',49,'2016-12-31 00:13:40','2020-04-01 13:41:31'),(50,'m','1999-03-29','Buckstad','UK',50,'1997-01-03 21:10:58','2020-04-01 13:41:31'),(51,'m','1971-02-05','Stephaniastad','UK',51,'2015-10-10 04:23:10','2020-04-01 13:41:31'),(52,'f','2001-12-17','Thielchester','USA',52,'2001-11-16 22:51:02','2020-04-01 13:41:31'),(53,'f','2009-09-30','South Eulah','Australia',53,'2009-10-04 00:51:36','2020-04-01 13:41:31'),(54,'m','1990-10-12','Mayefort','Spain',54,'1978-12-11 14:08:16','2020-04-01 13:41:31'),(55,'f','2009-09-05','Port Lue','China',55,'2002-03-18 16:38:52','2020-04-01 13:41:31'),(56,'f','2003-10-01','South Dawn','China',56,'2015-03-11 20:53:54','2020-04-01 13:41:31'),(57,'f','1998-08-27','West Bulah','UK',57,'2012-08-13 23:39:21','2020-04-01 13:41:31'),(58,'m','1981-02-25','Dougstad','China',58,'1998-03-11 23:08:33','2020-04-01 13:41:31'),(59,'f','1975-03-26','Camylleburgh','Spain',59,'1970-05-19 17:27:51','2020-04-01 13:41:31'),(60,'m','1991-09-11','Boristown','USA',60,'2015-10-19 15:04:38','2020-04-01 13:41:31'),(61,'f','2001-02-09','West Grover','Spain',61,'1997-05-20 10:30:45','2020-04-01 13:41:31'),(62,'m','1994-10-05','Stromanchester','USA',62,'1979-04-23 02:56:28','2020-04-01 13:41:31'),(63,'m','2008-12-01','South Alaina','UK',63,'1999-12-31 02:16:58','2020-04-01 13:41:31'),(64,'f','1983-08-05','Leraborough','China',64,'1977-07-03 09:34:59','2020-04-01 13:41:31'),(65,'f','2015-06-19','Robertsville','China',65,'1999-02-06 03:37:59','2020-04-01 13:41:31'),(66,'m','1990-08-19','South Normaton','Russia',66,'1977-09-18 15:59:14','2020-04-01 13:41:31'),(67,'f','2009-07-18','North Orpha','Russia',67,'2002-07-27 02:38:02','2020-04-01 13:41:31'),(68,'f','2011-01-03','Port Abelardo','UK',68,'1989-04-04 18:52:43','2020-04-01 13:41:31'),(69,'f','1980-10-06','Fionaberg','China',69,'2020-02-14 06:39:07','2020-04-01 13:41:31'),(70,'f','1970-10-02','Lake Howardton','USA',70,'2001-06-18 22:01:27','2020-04-01 13:41:31'),(71,'m','2016-03-03','Lottieborough','Spain',71,'2010-07-18 15:15:35','2020-04-01 13:41:31'),(72,'m','2013-04-06','West Damionberg','Spain',72,'1987-03-23 02:48:51','2020-04-01 13:41:31'),(73,'f','2019-05-17','Konopelskiport','UK',73,'2017-01-08 04:08:49','2020-04-01 13:41:31'),(74,'m','2002-07-11','Karastad','China',74,'2014-01-12 01:20:15','2020-04-01 13:41:31'),(75,'m','2005-03-04','Browntown','USA',75,'1994-01-02 19:25:22','2020-04-01 13:41:31'),(76,'m','1970-11-24','Tyreseberg','China',76,'1994-05-09 16:15:35','2020-04-01 13:41:31'),(77,'f','1988-07-22','North Violette','Russia',77,'2014-11-12 00:38:44','2020-04-01 13:41:31'),(78,'m','1987-05-20','Port Revamouth','Russia',78,'1981-06-28 13:12:06','2020-04-01 13:41:31'),(79,'m','1976-06-08','Ronaldofort','UK',79,'1988-02-13 15:53:59','2020-04-01 13:41:31'),(80,'f','2005-02-15','Schillermouth','Australia',80,'2006-03-20 18:23:29','2020-04-01 13:41:31'),(81,'f','1994-01-10','West Dallinville','Spain',81,'2010-09-06 03:49:53','2020-04-01 13:41:31'),(82,'f','2017-11-20','Quigleystad','China',82,'1983-10-03 04:23:10','2020-04-01 13:41:31'),(83,'f','2004-07-20','South Charlie','Russia',83,'1997-02-06 06:08:18','2020-04-01 13:41:31'),(84,'m','1975-07-20','North Vincenzaberg','USA',84,'2018-11-15 04:56:29','2020-04-01 13:41:31'),(85,'f','1983-01-10','East Jasperview','Australia',85,'2019-07-04 16:04:34','2020-04-01 13:41:31'),(86,'m','2006-04-25','Daltonhaven','Spain',86,'1992-08-05 22:17:36','2020-04-01 13:41:31'),(87,'m','1979-04-26','Zackaryland','Spain',87,'1988-08-20 22:25:59','2020-04-01 13:41:31'),(88,'m','1996-01-27','Priceberg','UK',88,'2015-06-28 20:37:03','2020-04-01 13:41:31'),(89,'f','2000-06-17','Paucekhaven','USA',89,'1989-10-22 18:45:49','2020-04-01 13:41:31'),(90,'f','1989-11-24','Lake Lexi','USA',90,'2015-05-09 20:50:26','2020-04-01 13:41:31'),(91,'m','2019-09-20','Georgettemouth','USA',91,'2010-08-01 00:01:53','2020-04-01 13:41:31'),(92,'f','2006-01-10','New Raventown','UK',92,'1974-04-22 01:36:37','2020-04-01 13:41:31'),(93,'f','2000-06-17','New Tylerborough','Australia',93,'2006-05-31 07:09:53','2020-04-01 13:41:31'),(94,'f','2001-09-03','Sadiebury','Russia',94,'1988-05-13 10:00:38','2020-04-01 13:41:31'),(95,'m','1982-09-29','Earnestineland','China',95,'1991-10-17 11:57:24','2020-04-01 13:41:31'),(96,'f','1972-10-22','West Issacborough','Spain',96,'1980-08-05 18:42:44','2020-04-01 13:41:31'),(97,'m','2014-08-11','Francochester','Australia',97,'1974-05-29 23:57:41','2020-04-01 13:41:31'),(98,'m','1980-04-12','New Destini','Russia',98,'1989-06-25 00:38:07','2020-04-01 13:41:31'),(99,'m','2007-01-15','Lake Dayton','Spain',99,'1988-06-16 10:19:11','2020-04-01 13:41:31'),(100,'f','1970-12-21','Medhurstville','UK',100,'1972-08-20 06:42:05','2020-04-01 13:41:31');
/*!40000 ALTER TABLE `profiles` ENABLE KEYS */;
UNLOCK TABLES;

--
-- Table structure for table `users`
--

DROP TABLE IF EXISTS `users`;
/*!40101 SET @saved_cs_client     = @@character_set_client */;
/*!50503 SET character_set_client = utf8mb4 */;
CREATE TABLE `users` (
  `id` int unsigned NOT NULL AUTO_INCREMENT,
  `first_name` varchar(100) CHARACTER SET utf8 COLLATE utf8_unicode_ci NOT NULL,
  `last_name` varchar(100) CHARACTER SET utf8 COLLATE utf8_unicode_ci NOT NULL,
  `email` varchar(120) CHARACTER SET utf8 COLLATE utf8_unicode_ci NOT NULL,
  `phone` varchar(13) COLLATE utf8_unicode_ci NOT NULL,
  `created_at` datetime DEFAULT CURRENT_TIMESTAMP,
  `updated_at` datetime DEFAULT CURRENT_TIMESTAMP ON UPDATE CURRENT_TIMESTAMP,
  PRIMARY KEY (`id`),
  UNIQUE KEY `email` (`email`),
  UNIQUE KEY `phone` (`phone`),
  UNIQUE KEY `phone_2` (`phone`),
  UNIQUE KEY `phone_3` (`phone`),
  UNIQUE KEY `phone_4` (`phone`)
) ENGINE=InnoDB AUTO_INCREMENT=101 DEFAULT CHARSET=utf8 COLLATE=utf8_unicode_ci;
/*!40101 SET character_set_client = @saved_cs_client */;

--
-- Dumping data for table `users`
--

LOCK TABLES `users` WRITE;
/*!40000 ALTER TABLE `users` DISABLE KEYS */;
INSERT INTO `users` VALUES (1,'Albin','Walter','yhermiston@example.org','167.241.98381','2019-01-31 02:44:49','2020-04-01 13:29:52'),(2,'Carol','Kutch','zoe67@example.org','0287103846625','2014-02-25 03:28:40','2020-04-01 13:29:52'),(3,'Hayden','Will','cassidy64@example.org','882.227.16986','2016-01-02 00:42:53','2020-04-01 13:29:52'),(4,'Sandra','Powlowski','ncruickshank@example.net','588.244.31258','2018-11-17 10:43:56','2020-04-01 13:29:52'),(5,'Ron','Harris','abigale.crooks@example.com','017-419-78929','2014-04-09 12:30:51','2020-04-01 13:29:52'),(6,'Bernadine','Gleichner','hane.raheem@example.net','(704)753-9176','2013-03-25 16:33:05','2020-04-01 13:29:52'),(7,'Coby','Wolf','bartoletti.berneice@example.org','1-794-156-690','2016-06-24 09:28:49','2020-04-01 13:29:52'),(8,'Jaquelin','Robel','jamal.pollich@example.org','(979)044-7125','2014-01-20 18:11:42','2020-04-01 13:29:52'),(9,'Maiya','Ratke','ebraun@example.net','555-552-49252','2016-05-15 13:16:37','2020-04-01 13:29:52'),(10,'Liliane','McClure','reilly.german@example.com','922-406-01787','2016-11-09 05:53:28','2020-04-01 13:29:52'),(11,'Franco','Batz','sipes.daniella@example.net','758.978.92383','2013-04-18 23:15:16','2020-04-01 13:29:52'),(12,'Thea','Kovacek','hoyt42@example.org','187-399-77353','2017-02-21 01:33:24','2020-04-01 13:29:52'),(13,'Milton','Adams','missouri76@example.org','269.903.88517','2016-09-25 06:13:22','2020-04-01 13:29:52'),(14,'Alexie','Jaskolski','martine24@example.com','045.121.71526','2019-10-07 08:40:21','2020-04-01 13:29:52'),(15,'Joel','Bednar','larry30@example.net','1-978-192-980','2016-08-31 18:43:20','2020-04-01 13:29:52'),(16,'Carlee','Carter','dauer@example.com','392-799-18527','2011-02-17 10:06:31','2020-04-01 13:29:52'),(17,'Cathrine','Bruen','emmalee.thiel@example.net','(075)126-0493','2020-03-20 12:07:11','2020-04-01 13:29:52'),(18,'Nathan','VonRueden','mgoldner@example.net','1-709-650-783','2016-04-02 04:05:14','2020-04-01 13:29:52'),(19,'Ian','Cruickshank','murl.daniel@example.com','1-791-712-541','2017-06-23 17:35:53','2020-04-01 13:29:52'),(20,'Estevan','Rippin','beulah20@example.org','(544)914-4257','2016-04-18 13:06:32','2020-04-01 13:29:52'),(21,'Ole','Jones','derick85@example.org','053-979-13460','2018-08-20 07:56:40','2020-04-01 13:29:52'),(22,'Sandrine','Lakin','virginie86@example.net','336-486-68530','2011-12-28 12:13:28','2020-04-01 13:29:52'),(23,'Kelly','Jacobson','kallie53@example.net','+18(3)8137273','2015-08-07 17:02:14','2020-04-01 13:29:52'),(24,'Jaunita','Olson','maye.tillman@example.org','437-645-98572','2017-11-25 06:13:24','2020-04-01 13:29:52'),(25,'Adelle','Leuschke','wlittel@example.net','252.136.02145','2013-08-13 08:57:28','2020-04-01 13:29:52'),(26,'Carlie','Ullrich','gdickens@example.com','795-830-28706','2011-04-12 12:10:12','2020-04-01 13:29:52'),(27,'Oda','Conroy','vada.zieme@example.net','(305)069-2302','2018-06-06 21:09:35','2020-04-01 13:29:52'),(28,'Chelsey','White','lfeil@example.net','140.828.35188','2018-01-22 07:34:34','2020-04-01 13:29:52'),(29,'River','Hickle','volkman.dimitri@example.net','0456336904834','2016-01-24 10:43:51','2020-04-01 13:29:52'),(30,'Florence','Kessler','marquise.cole@example.com','(106)688-7812','2015-01-27 17:33:55','2020-04-01 13:29:52'),(31,'Delaney','Wilkinson','kavon79@example.net','(981)826-8557','2015-07-14 22:05:26','2020-04-01 13:29:52'),(32,'Fredrick','Bradtke','cecelia98@example.com','(711)398-8251','2014-12-26 17:58:57','2020-04-01 13:29:52'),(33,'Oran','Lakin','alexane02@example.org','041-106-19382','2012-11-28 03:49:22','2020-04-01 13:29:52'),(34,'Julie','Gibson','mmertz@example.com','262.484.09158','2012-12-12 08:57:13','2020-04-01 13:29:52'),(35,'Roxane','Treutel','ekassulke@example.com','(764)381-4445','2016-02-14 20:47:48','2020-04-01 13:29:52'),(36,'Dennis','Huel','cecelia42@example.net','1-832-930-753','2019-08-02 11:28:18','2020-04-01 13:29:52'),(37,'Gregoria','O\'Keefe','durgan.werner@example.org','(708)510-2533','2016-03-11 12:01:09','2020-04-01 13:29:52'),(38,'Hettie','Gibson','qbechtelar@example.com','(436)482-0307','2012-05-29 00:54:04','2020-04-01 13:29:52'),(39,'Clotilde','Emmerich','oconroy@example.com','1-863-288-735','2010-05-15 02:11:06','2020-04-01 13:29:52'),(40,'Pete','Zulauf','selena.douglas@example.com','1-383-302-854','2013-10-05 04:48:26','2020-04-01 13:29:52'),(41,'Althea','Langworth','ova.zboncak@example.com','(244)526-3170','2016-05-19 01:39:37','2020-04-01 13:29:52'),(42,'Brisa','Fritsch','vance.white@example.com','(865)188-3885','2011-06-17 15:38:00','2020-04-01 13:29:52'),(43,'Nakia','Senger','pcartwright@example.com','872.290.72218','2011-07-09 12:44:48','2020-04-01 13:29:52'),(44,'Antonette','Smitham','zshanahan@example.org','(561)025-3134','2018-07-19 13:44:07','2020-04-01 13:29:52'),(45,'Marcus','Purdy','kellen40@example.net','935-051-03816','2017-10-26 15:42:58','2020-04-01 13:29:52'),(46,'Rae','Labadie','myriam69@example.net','983.355.75882','2012-04-13 02:12:03','2020-04-01 13:29:52'),(47,'Tom','Orn','lynch.salma@example.com','1-971-239-963','2016-10-09 01:45:44','2020-04-01 13:29:52'),(48,'Rogelio','Shanahan','heber.anderson@example.org','1-664-866-273','2015-03-31 00:00:13','2020-04-01 13:29:52'),(49,'Cecile','Kshlerin','irma29@example.com','583.510.61174','2011-09-05 02:20:32','2020-04-01 13:29:52'),(50,'Hermina','Funk','ansel.rath@example.org','362.747.76852','2013-02-15 08:07:24','2020-04-01 13:29:52'),(51,'Al','Murazik','rrosenbaum@example.net','1-383-902-938','2017-04-23 05:13:50','2020-04-01 13:29:52'),(52,'Velma','Boehm','ngottlieb@example.com','428.494.21240','2015-02-12 21:48:48','2020-04-01 13:29:52'),(53,'Imogene','Schaden','cayla74@example.com','1-238-909-981','2012-08-14 06:23:17','2020-04-01 13:29:52'),(54,'Camila','Schaefer','noble74@example.net','(827)359-6490','2015-05-21 03:31:32','2020-04-01 13:29:52'),(55,'Deshawn','Lang','goyette.ernest@example.net','+32(0)4848308','2020-01-09 12:08:19','2020-04-01 13:29:52'),(56,'Aliyah','Schamberger','davis.briana@example.org','729.886.25867','2012-02-14 19:17:17','2020-04-01 13:29:52'),(57,'Minerva','Towne','hudson.jaquan@example.com','(991)196-1617','2017-12-19 22:42:54','2020-04-01 13:29:52'),(58,'Emerson','Morissette','bkuhic@example.com','(017)486-9385','2016-12-21 13:35:16','2020-04-01 13:29:52'),(59,'Meredith','Nicolas','schimmel.herbert@example.net','1-315-139-874','2012-03-16 08:51:00','2020-04-01 13:29:52'),(60,'Marcel','Bauch','rachael73@example.com','349-468-29418','2015-02-25 12:15:04','2020-04-01 13:29:52'),(61,'Justyn','Turcotte','stella40@example.net','697-475-09268','2018-08-12 18:21:37','2020-04-01 13:29:52'),(62,'Vicky','Kohler','nsauer@example.net','(439)811-1883','2015-08-27 11:28:23','2020-04-01 13:29:52'),(63,'Elyssa','Olson','torphy.aniyah@example.org','902.163.28817','2018-02-22 18:23:22','2020-04-01 13:29:52'),(64,'Kiley','Davis','vlindgren@example.com','0090321686438','2015-03-29 04:53:56','2020-04-01 13:29:52'),(65,'Theodore','Marquardt','mcclure.antwan@example.org','890-308-11538','2015-03-09 01:41:43','2020-04-01 13:29:52'),(66,'Adeline','Reinger','ffadel@example.org','544.769.05378','2013-02-28 18:16:38','2020-04-01 13:29:52'),(67,'Lucinda','Satterfield','huels.shyann@example.org','921.189.08177','2010-12-04 03:04:15','2020-04-01 13:29:52'),(68,'June','Shanahan','beier.nia@example.net','1-831-526-550','2011-08-11 16:27:21','2020-04-01 13:29:52'),(69,'Lyda','Collier','jones.jayda@example.net','1-025-455-323','2012-10-28 04:58:10','2020-04-01 13:29:52'),(70,'Jamel','Deckow','beier.brandt@example.net','(277)791-2763','2018-03-19 09:05:27','2020-04-01 13:29:52'),(71,'Felicia','Reynolds','d\'angelo.schaefer@example.net','(739)018-1947','2015-11-29 23:22:00','2020-04-01 13:29:52'),(72,'Dandre','Emard','clementina53@example.net','849-840-68551','2017-07-04 19:51:19','2020-04-01 13:29:52'),(73,'Brandt','Parisian','anthony.hilpert@example.net','267-795-23711','2013-03-15 06:19:01','2020-04-01 13:29:52'),(74,'Timothy','Terry','zmertz@example.net','+37(5)7706904','2010-12-10 21:26:27','2020-04-01 13:29:52'),(75,'Alyce','Tremblay','wolff.christa@example.org','613-270-25490','2015-09-22 18:13:47','2020-04-01 13:29:52'),(76,'Justyn','Corwin','cwindler@example.org','377.651.94539','2014-03-06 14:45:20','2020-04-01 13:29:52'),(77,'Theresia','Beier','dsawayn@example.org','858.804.77226','2017-05-03 05:33:29','2020-04-01 13:29:52'),(78,'Noemy','Grimes','rahul98@example.net','(661)328-2312','2011-07-07 08:00:44','2020-04-01 13:29:52'),(79,'Cooper','Rice','rgorczany@example.org','980.614.91782','2018-04-30 09:31:08','2020-04-01 13:29:52'),(80,'Berenice','Gibson','hkovacek@example.net','(078)380-8179','2020-03-23 10:44:31','2020-04-01 13:29:52'),(81,'Brittany','McCullough','salma52@example.net','543.369.72245','2017-12-25 07:12:24','2020-04-01 13:29:52'),(82,'Dolores','Stanton','wkautzer@example.org','1-021-078-591','2014-01-02 07:58:11','2020-04-01 13:29:52'),(83,'Brittany','Larkin','maxime.spencer@example.com','1-596-935-324','2012-03-07 16:30:09','2020-04-01 13:29:52'),(84,'Lora','Kuhlman','lindsey76@example.net','(482)572-5643','2015-07-10 02:16:48','2020-04-01 13:29:52'),(85,'Kenna','Little','rowe.rod@example.com','(610)759-1346','2011-09-16 06:40:38','2020-04-01 13:29:52'),(86,'Jaleel','Reynolds','mdonnelly@example.com','0892958912601','2016-09-09 11:37:11','2020-04-01 13:29:52'),(87,'Finn','Lind','amclaughlin@example.com','471.055.94967','2014-04-20 03:09:12','2020-04-01 13:29:52'),(88,'Iliana','Greenholt','fzboncak@example.net','586-134-05235','2012-10-19 03:58:30','2020-04-01 13:29:52'),(89,'Gavin','Lang','quinten35@example.com','117-082-29874','2014-01-31 22:52:03','2020-04-01 13:29:52'),(90,'Georgette','McClure','xtorp@example.org','0664200755870','2014-02-14 02:19:03','2020-04-01 13:29:52'),(91,'Boyd','Sawayn','abergstrom@example.net','+94(6)4417726','2015-01-02 15:33:30','2020-04-01 13:29:52'),(92,'Estella','Bogan','zachery.ward@example.net','805.183.30921','2017-05-20 12:52:00','2020-04-01 13:29:52'),(93,'Arvel','Legros','bennett.dicki@example.org','210.336.85529','2014-11-06 19:02:55','2020-04-01 13:29:52'),(94,'Jackson','O\'Kon','minnie.corkery@example.com','(030)703-0684','2011-06-25 13:14:07','2020-04-01 13:29:52'),(95,'Davonte','Ledner','gorczany.bette@example.com','+11(9)8118834','2014-09-04 22:41:31','2020-04-01 13:29:52'),(96,'Agnes','Wilderman','cartwright.laurie@example.com','(993)770-8220','2020-02-24 05:41:13','2020-04-01 13:29:52'),(97,'Danika','Spencer','azboncak@example.net','537-002-85298','2016-07-06 07:20:52','2020-04-01 13:29:52'),(98,'Syble','Nolan','arne99@example.org','1-798-072-729','2012-10-29 00:59:26','2020-04-01 13:29:52'),(99,'Janick','Bergstrom','katelyn.cummerata@example.org','(325)092-0854','2011-10-02 07:08:14','2020-04-01 13:29:52'),(100,'Zora','Gulgowski','dannie.goodwin@example.com','387.862.23186','2016-11-23 20:11:52','2020-04-01 13:29:52');
/*!40000 ALTER TABLE `users` ENABLE KEYS */;
UNLOCK TABLES;
/*!40103 SET TIME_ZONE=@OLD_TIME_ZONE */;

/*!40101 SET SQL_MODE=@OLD_SQL_MODE */;
/*!40014 SET FOREIGN_KEY_CHECKS=@OLD_FOREIGN_KEY_CHECKS */;
/*!40014 SET UNIQUE_CHECKS=@OLD_UNIQUE_CHECKS */;
/*!40101 SET CHARACTER_SET_CLIENT=@OLD_CHARACTER_SET_CLIENT */;
/*!40101 SET CHARACTER_SET_RESULTS=@OLD_CHARACTER_SET_RESULTS */;
/*!40101 SET COLLATION_CONNECTION=@OLD_COLLATION_CONNECTION */;
/*!40111 SET SQL_NOTES=@OLD_SQL_NOTES */;

-- Dump completed on 2020-04-01 14:00:18
